[
    {
        "model": "admin.logentry",
        "pk": 1,
        "fields": {
            "action_time": "2024-06-26T08:53:12.767Z",
            "user": 1,
            "content_type": 8,
            "object_id": "1",
            "object_repr": "Winter Collection 2024 - Dail deals",
            "action_flag": 1,
            "change_message": "[{\"added\": {}}]"
        }
    },
    {
        "model": "admin.logentry",
        "pk": 2,
        "fields": {
            "action_time": "2024-06-26T08:53:22.452Z",
            "user": 1,
            "content_type": 8,
            "object_id": "1",
            "object_repr": "Winter Collection 2024 - Daily deals",
            "action_flag": 2,
            "change_message": "[{\"changed\": {\"fields\": [\"Subtitle\"]}}]"
        }
    },
    {
        "model": "admin.logentry",
        "pk": 3,
        "fields": {
            "action_time": "2024-06-26T09:09:52.736Z",
            "user": 1,
            "content_type": 7,
            "object_id": "1",
            "object_repr": "https://tagworldstore.co.uk/",
            "action_flag": 2,
            "change_message": "[{\"changed\": {\"fields\": [\"Domain name\", \"Display name\"]}}]"
        }
    },
    {
        "model": "admin.logentry",
        "pk": 4,
        "fields": {
            "action_time": "2024-06-26T12:30:16.962Z",
            "user": 1,
            "content_type": 7,
            "object_id": "1",
            "object_repr": "tagworldstore.co.uk",
            "action_flag": 2,
            "change_message": "[{\"changed\": {\"fields\": [\"Domain name\"]}}]"
        }
    },
    {
        "model": "admin.logentry",
        "pk": 5,
        "fields": {
            "action_time": "2024-06-26T12:30:27.913Z",
            "user": 1,
            "content_type": 4,
            "object_id": "2",
            "object_repr": "mukky",
            "action_flag": 3,
            "change_message": ""
        }
    },
    {
        "model": "admin.logentry",
        "pk": 6,
        "fields": {
            "action_time": "2024-06-26T12:30:49.429Z",
            "user": 1,
            "content_type": 17,
            "object_id": "2",
            "object_repr": "muktaryusuf@ragioneer.com",
            "action_flag": 3,
            "change_message": ""
        }
    },
    {
        "model": "admin.logentry",
        "pk": 7,
        "fields": {
            "action_time": "2024-06-26T12:30:59.205Z",
            "user": 1,
            "content_type": 4,
            "object_id": "2",
            "object_repr": "mukky",
            "action_flag": 3,
            "change_message": ""
        }
    },
    {
        "model": "admin.logentry",
        "pk": 8,
        "fields": {
            "action_time": "2024-06-26T12:41:02.229Z",
            "user": 1,
            "content_type": 4,
            "object_id": "3",
            "object_repr": "mukky",
            "action_flag": 3,
            "change_message": ""
        }
    },
    {
        "model": "admin.logentry",
        "pk": 9,
        "fields": {
            "action_time": "2024-06-26T12:41:16.862Z",
            "user": 1,
            "content_type": 17,
            "object_id": "3",
            "object_repr": "muktaryusuf@ragioneer.com",
            "action_flag": 3,
            "change_message": ""
        }
    },
    {
        "model": "admin.logentry",
        "pk": 10,
        "fields": {
            "action_time": "2024-06-27T16:17:47.710Z",
            "user": 1,
            "content_type": 8,
            "object_id": "1",
            "object_repr": "Daily deals - Winter Collection 2024",
            "action_flag": 2,
            "change_message": "[{\"changed\": {\"fields\": [\"Title\", \"Subtitle\"]}}]"
        }
    },
    {
        "model": "admin.logentry",
        "pk": 11,
        "fields": {
            "action_time": "2024-06-27T16:18:26.915Z",
            "user": 1,
            "content_type": 8,
            "object_id": "2",
            "object_repr": "Smart Products - Summer Offer 2024 Collection",
            "action_flag": 1,
            "change_message": "[{\"added\": {}}]"
        }
    },
    {
        "model": "admin.logentry",
        "pk": 12,
        "fields": {
            "action_time": "2024-06-27T16:19:11.966Z",
            "user": 1,
            "content_type": 8,
            "object_id": "3",
            "object_repr": "Smart Products - Winter Offer 2024 Collection",
            "action_flag": 1,
            "change_message": "[{\"added\": {}}]"
        }
    },
    {
        "model": "admin.logentry",
        "pk": 13,
        "fields": {
            "action_time": "2024-06-27T16:24:20.093Z",
            "user": 1,
            "content_type": 9,
            "object_id": "1",
            "object_repr": "Fashion",
            "action_flag": 1,
            "change_message": "[{\"added\": {}}]"
        }
    },
    {
        "model": "admin.logentry",
        "pk": 14,
        "fields": {
            "action_time": "2024-06-27T16:24:26.273Z",
            "user": 1,
            "content_type": 12,
            "object_id": "1",
            "object_repr": "Women",
            "action_flag": 1,
            "change_message": "[{\"added\": {}}]"
        }
    },
    {
        "model": "admin.logentry",
        "pk": 15,
        "fields": {
            "action_time": "2024-06-27T16:25:11.368Z",
            "user": 1,
            "content_type": 10,
            "object_id": "1",
            "object_repr": "Female Jacket",
            "action_flag": 1,
            "change_message": "[{\"added\": {}}, {\"added\": {\"name\": \"image\", \"object\": \"Image object (1)\"}}, {\"added\": {\"name\": \"image\", \"object\": \"Image object (2)\"}}]"
        }
    },
    {
        "model": "admin.logentry",
        "pk": 16,
        "fields": {
            "action_time": "2024-06-27T16:48:08.450Z",
            "user": 1,
            "content_type": 11,
            "object_id": "1",
            "object_repr": "m (10)",
            "action_flag": 1,
            "change_message": "[{\"added\": {}}]"
        }
    },
    {
        "model": "admin.logentry",
        "pk": 17,
        "fields": {
            "action_time": "2024-06-27T16:48:16.887Z",
            "user": 1,
            "content_type": 10,
            "object_id": "1",
            "object_repr": "Female Jacket",
            "action_flag": 2,
            "change_message": "[{\"added\": {\"name\": \"variation\", \"object\": \"Variation object (1)\"}}]"
        }
    },
    {
        "model": "admin.logentry",
        "pk": 18,
        "fields": {
            "action_time": "2024-06-30T20:03:36.191Z",
            "user": 1,
            "content_type": 12,
            "object_id": "2",
            "object_repr": "watches",
            "action_flag": 1,
            "change_message": "[{\"added\": {}}]"
        }
    },
    {
        "model": "admin.logentry",
        "pk": 19,
        "fields": {
            "action_time": "2024-06-30T20:05:09.271Z",
            "user": 1,
            "content_type": 10,
            "object_id": "2",
            "object_repr": "Cartier Wrist Watch",
            "action_flag": 1,
            "change_message": "[{\"added\": {}}, {\"added\": {\"name\": \"variation\", \"object\": \"Variation object (2)\"}}, {\"added\": {\"name\": \"image\", \"object\": \"Image object (3)\"}}]"
        }
    },
    {
        "model": "admin.logentry",
        "pk": 20,
        "fields": {
            "action_time": "2024-06-30T20:09:12.244Z",
            "user": 1,
            "content_type": 11,
            "object_id": "2",
            "object_repr": "42 (34)",
            "action_flag": 1,
            "change_message": "[{\"added\": {}}]"
        }
    },
    {
        "model": "admin.logentry",
        "pk": 21,
        "fields": {
            "action_time": "2024-06-30T20:09:30.460Z",
            "user": 1,
            "content_type": 10,
            "object_id": "3",
            "object_repr": "White shoe",
            "action_flag": 1,
            "change_message": "[{\"added\": {}}, {\"added\": {\"name\": \"variation\", \"object\": \"Variation object (3)\"}}, {\"added\": {\"name\": \"image\", \"object\": \"Image object (4)\"}}, {\"added\": {\"name\": \"image\", \"object\": \"Image object (5)\"}}]"
        }
    },
    {
        "model": "admin.logentry",
        "pk": 22,
        "fields": {
            "action_time": "2024-07-06T22:21:29.045Z",
            "user": 1,
            "content_type": 10,
            "object_id": "3",
            "object_repr": "White shoe",
            "action_flag": 3,
            "change_message": ""
        }
    },
    {
        "model": "admin.logentry",
        "pk": 23,
        "fields": {
            "action_time": "2024-07-06T22:21:29.049Z",
            "user": 1,
            "content_type": 10,
            "object_id": "2",
            "object_repr": "Cartier Wrist Watch",
            "action_flag": 3,
            "change_message": ""
        }
    },
    {
        "model": "admin.logentry",
        "pk": 24,
        "fields": {
            "action_time": "2024-07-06T22:21:29.050Z",
            "user": 1,
            "content_type": 10,
            "object_id": "1",
            "object_repr": "Female Jacket",
            "action_flag": 3,
            "change_message": ""
        }
    },
    {
        "model": "admin.logentry",
        "pk": 25,
        "fields": {
            "action_time": "2024-07-06T22:25:39.367Z",
            "user": 1,
            "content_type": 10,
            "object_id": "4",
            "object_repr": "Generic Shoes",
            "action_flag": 2,
            "change_message": "[{\"changed\": {\"fields\": [\"Category\", \"Tag\"]}}]"
        }
    },
    {
        "model": "admin.logentry",
        "pk": 26,
        "fields": {
            "action_time": "2024-07-06T22:25:56.419Z",
            "user": 1,
            "content_type": 10,
            "object_id": "5",
            "object_repr": "Generic Fish",
            "action_flag": 2,
            "change_message": "[{\"changed\": {\"fields\": [\"Category\", \"Tag\"]}}]"
        }
    },
    {
        "model": "admin.logentry",
        "pk": 27,
        "fields": {
            "action_time": "2024-07-06T22:26:07.175Z",
            "user": 1,
            "content_type": 10,
            "object_id": "6",
            "object_repr": "Sleek Tuna",
            "action_flag": 2,
            "change_message": "[{\"changed\": {\"fields\": [\"Category\"]}}]"
        }
    },
    {
        "model": "admin.logentry",
        "pk": 28,
        "fields": {
            "action_time": "2024-07-06T22:26:22.585Z",
            "user": 1,
            "content_type": 10,
            "object_id": "7",
            "object_repr": "Gorgeous Gloves",
            "action_flag": 2,
            "change_message": "[{\"changed\": {\"fields\": [\"Category\", \"Tag\"]}}]"
        }
    },
    {
        "model": "admin.logentry",
        "pk": 29,
        "fields": {
            "action_time": "2024-07-06T22:26:37.246Z",
            "user": 1,
            "content_type": 10,
            "object_id": "8",
            "object_repr": "For repair Pizza",
            "action_flag": 2,
            "change_message": "[{\"changed\": {\"fields\": [\"Category\", \"Tag\"]}}]"
        }
    },
    {
        "model": "admin.logentry",
        "pk": 30,
        "fields": {
            "action_time": "2024-07-06T22:26:53.064Z",
            "user": 1,
            "content_type": 10,
            "object_id": "9",
            "object_repr": "Gorgeous Bacon",
            "action_flag": 2,
            "change_message": "[{\"changed\": {\"fields\": [\"Category\", \"Tag\"]}}]"
        }
    },
    {
        "model": "admin.logentry",
        "pk": 31,
        "fields": {
            "action_time": "2024-07-06T22:28:39.042Z",
            "user": 1,
            "content_type": 10,
            "object_id": "10",
            "object_repr": "Tasty Table",
            "action_flag": 2,
            "change_message": "[{\"changed\": {\"fields\": [\"Category\", \"Tag\"]}}, {\"deleted\": {\"name\": \"variation\", \"object\": \"Variation object (None)\"}}]"
        }
    },
    {
        "model": "admin.logentry",
        "pk": 32,
        "fields": {
            "action_time": "2024-07-06T22:29:04.314Z",
            "user": 1,
            "content_type": 10,
            "object_id": "11",
            "object_repr": "Incredible Soap",
            "action_flag": 2,
            "change_message": "[{\"changed\": {\"fields\": [\"Category\", \"Tag\"]}}, {\"deleted\": {\"name\": \"variation\", \"object\": \"Variation object (None)\"}}]"
        }
    },
    {
        "model": "admin.logentry",
        "pk": 33,
        "fields": {
            "action_time": "2024-07-06T22:29:34.350Z",
            "user": 1,
            "content_type": 10,
            "object_id": "12",
            "object_repr": "For repair Fish",
            "action_flag": 2,
            "change_message": "[{\"changed\": {\"fields\": [\"Is new\", \"Category\", \"Tag\"]}}, {\"deleted\": {\"name\": \"variation\", \"object\": \"Variation object (None)\"}}]"
        }
    },
    {
        "model": "admin.logentry",
        "pk": 34,
        "fields": {
            "action_time": "2024-07-06T22:29:54.404Z",
            "user": 1,
            "content_type": 10,
            "object_id": "14",
            "object_repr": "Fantastic Car",
            "action_flag": 2,
            "change_message": "[{\"changed\": {\"fields\": [\"Category\", \"Tag\"]}}]"
        }
    },
    {
        "model": "admin.logentry",
        "pk": 35,
        "fields": {
            "action_time": "2024-07-06T23:21:07.710Z",
            "user": 1,
            "content_type": 10,
            "object_id": "4",
            "object_repr": "Female top",
            "action_flag": 2,
            "change_message": "[{\"changed\": {\"fields\": [\"Name\", \"Price\", \"Stripe price\", \"Discount\"]}}]"
        }
    },
    {
        "model": "admin.logentry",
        "pk": 36,
        "fields": {
            "action_time": "2024-07-06T23:22:09.839Z",
            "user": 1,
            "content_type": 10,
            "object_id": "4",
            "object_repr": "Female top",
            "action_flag": 2,
            "change_message": "[{\"changed\": {\"name\": \"image\", \"object\": \"Image object (7)\", \"fields\": [\"Image\"]}}, {\"changed\": {\"name\": \"image\", \"object\": \"Image object (17)\", \"fields\": [\"Image\"]}}]"
        }
    },
    {
        "model": "admin.logentry",
        "pk": 37,
        "fields": {
            "action_time": "2024-07-06T23:23:46.411Z",
            "user": 1,
            "content_type": 10,
            "object_id": "5",
            "object_repr": "Wrist watch",
            "action_flag": 2,
            "change_message": "[{\"changed\": {\"fields\": [\"Name\", \"Price\", \"Stripe price\", \"Discount\", \"Short description\"]}}, {\"deleted\": {\"name\": \"variation\", \"object\": \"Variation object (None)\"}}, {\"changed\": {\"name\": \"image\", \"object\": \"Image object (8)\", \"fields\": [\"Image\"]}}, {\"deleted\": {\"name\": \"image\", \"object\": \"Image object (None)\"}}]"
        }
    },
    {
        "model": "admin.logentry",
        "pk": 38,
        "fields": {
            "action_time": "2024-07-06T23:25:01.303Z",
            "user": 1,
            "content_type": 10,
            "object_id": "6",
            "object_repr": "Cover shoe",
            "action_flag": 2,
            "change_message": "[{\"changed\": {\"fields\": [\"Name\", \"Price\", \"Stripe price\", \"Discount\", \"Short description\"]}}, {\"changed\": {\"name\": \"variation\", \"object\": \"Variation object (9)\", \"fields\": [\"Color\"]}}, {\"deleted\": {\"name\": \"variation\", \"object\": \"Variation object (None)\"}}, {\"changed\": {\"name\": \"image\", \"object\": \"Image object (11)\", \"fields\": [\"Image\"]}}, {\"deleted\": {\"name\": \"image\", \"object\": \"Image object (None)\"}}]"
        }
    },
    {
        "model": "admin.logentry",
        "pk": 39,
        "fields": {
            "action_time": "2024-07-06T23:26:44.846Z",
            "user": 1,
            "content_type": 10,
            "object_id": "7",
            "object_repr": "Couch Chair",
            "action_flag": 2,
            "change_message": "[{\"changed\": {\"fields\": [\"Name\", \"Price\", \"Stripe price\", \"Discount\", \"Is new\", \"Category\", \"Tag\", \"Short description\"]}}, {\"deleted\": {\"name\": \"variation\", \"object\": \"Variation object (None)\"}}, {\"changed\": {\"name\": \"image\", \"object\": \"Image object (12)\", \"fields\": [\"Image\"]}}, {\"deleted\": {\"name\": \"image\", \"object\": \"Image object (None)\"}}]"
        }
    },
    {
        "model": "admin.logentry",
        "pk": 40,
        "fields": {
            "action_time": "2024-07-06T23:28:03.619Z",
            "user": 1,
            "content_type": 10,
            "object_id": "8",
            "object_repr": "Speaker",
            "action_flag": 2,
            "change_message": "[{\"changed\": {\"fields\": [\"Name\", \"Price\", \"Stripe price\", \"Discount\", \"Is new\", \"Category\", \"Short description\"]}}, {\"deleted\": {\"name\": \"variation\", \"object\": \"Variation object (None)\"}}, {\"changed\": {\"name\": \"image\", \"object\": \"Image object (13)\", \"fields\": [\"Image\"]}}, {\"deleted\": {\"name\": \"image\", \"object\": \"Image object (None)\"}}]"
        }
    },
    {
        "model": "admin.logentry",
        "pk": 41,
        "fields": {
            "action_time": "2024-07-06T23:31:49.456Z",
            "user": 1,
            "content_type": 7,
            "object_id": "1",
            "object_repr": "tagworld-react.pvdxzh.easypanel.host",
            "action_flag": 2,
            "change_message": "[{\"changed\": {\"fields\": [\"Domain name\"]}}]"
        }
    },
    {
        "model": "admin.logentry",
        "pk": 42,
        "fields": {
            "action_time": "2024-07-06T23:41:22.510Z",
            "user": 1,
            "content_type": 10,
            "object_id": "9",
            "object_repr": "Sun glasses",
            "action_flag": 2,
            "change_message": "[{\"changed\": {\"fields\": [\"Name\", \"Price\", \"Stripe price\", \"Discount\", \"Category\", \"Short description\"]}}, {\"deleted\": {\"name\": \"variation\", \"object\": \"Variation object (None)\"}}, {\"changed\": {\"name\": \"image\", \"object\": \"Image object (14)\", \"fields\": [\"Image\"]}}]"
        }
    },
    {
        "model": "admin.logentry",
        "pk": 43,
        "fields": {
            "action_time": "2024-07-06T23:42:45.980Z",
            "user": 1,
            "content_type": 10,
            "object_id": "9",
            "object_repr": "Sun glasses",
            "action_flag": 2,
            "change_message": "[{\"deleted\": {\"name\": \"image\", \"object\": \"Image object (None)\"}}]"
        }
    },
    {
        "model": "admin.logentry",
        "pk": 44,
        "fields": {
            "action_time": "2024-07-06T23:45:31.292Z",
            "user": 1,
            "content_type": 10,
            "object_id": "11",
            "object_repr": "Incredible Soap",
            "action_flag": 2,
            "change_message": "[{\"changed\": {\"fields\": [\"Stripe price\"]}}, {\"changed\": {\"name\": \"image\", \"object\": \"Image object (9)\", \"fields\": [\"Image\"]}}, {\"deleted\": {\"name\": \"image\", \"object\": \"Image object (None)\"}}]"
        }
    },
    {
        "model": "admin.logentry",
        "pk": 45,
        "fields": {
            "action_time": "2024-07-06T23:48:28.349Z",
            "user": 1,
            "content_type": 10,
            "object_id": "16",
            "object_repr": "Rustic Table",
            "action_flag": 2,
            "change_message": "[{\"changed\": {\"fields\": [\"Stripe price\", \"Category\", \"Tag\", \"Short description\", \"Full description\"]}}, {\"changed\": {\"name\": \"variation\", \"object\": \"Variation object (26)\", \"fields\": [\"Size\"]}}, {\"changed\": {\"name\": \"image\", \"object\": \"Image object (28)\", \"fields\": [\"Image\"]}}]"
        }
    },
    {
        "model": "admin.logentry",
        "pk": 46,
        "fields": {
            "action_time": "2024-07-06T23:52:10.919Z",
            "user": 1,
            "content_type": 10,
            "object_id": "23",
            "object_repr": "Awesome Ball",
            "action_flag": 2,
            "change_message": "[{\"changed\": {\"fields\": [\"Stripe price\", \"Category\", \"Tag\", \"Short description\"]}}, {\"changed\": {\"name\": \"variation\", \"object\": \"Variation object (33)\", \"fields\": [\"Size\"]}}, {\"changed\": {\"name\": \"image\", \"object\": \"Image object (35)\", \"fields\": [\"Image\"]}}]"
        }
    },
    {
        "model": "admin.logentry",
        "pk": 47,
        "fields": {
            "action_time": "2024-07-06T23:53:22.157Z",
            "user": 1,
            "content_type": 10,
            "object_id": "5",
            "object_repr": "Wrist watch",
            "action_flag": 2,
            "change_message": "[{\"changed\": {\"fields\": [\"Category\", \"Tag\"]}}]"
        }
    },
    {
        "model": "admin.logentry",
        "pk": 48,
        "fields": {
            "action_time": "2024-07-06T23:57:07.986Z",
            "user": 1,
            "content_type": 10,
            "object_id": "21",
            "object_repr": "Unbranded Soap",
            "action_flag": 2,
            "change_message": "[{\"changed\": {\"fields\": [\"Stripe price\", \"Category\", \"Tag\", \"Short description\"]}}, {\"changed\": {\"name\": \"variation\", \"object\": \"Variation object (31)\", \"fields\": [\"Color\", \"Size\"]}}, {\"changed\": {\"name\": \"image\", \"object\": \"Image object (33)\", \"fields\": [\"Image\"]}}]"
        }
    },
    {
        "model": "admin.logentry",
        "pk": 49,
        "fields": {
            "action_time": "2024-07-07T00:23:23.599Z",
            "user": 1,
            "content_type": 10,
            "object_id": "22",
            "object_repr": "Adidas shoe",
            "action_flag": 2,
            "change_message": "[{\"changed\": {\"fields\": [\"Name\", \"Price\", \"Stripe price\", \"Discount\", \"Tag\", \"Short description\", \"Full description\"]}}, {\"added\": {\"name\": \"variation\", \"object\": \"Variation object (34)\"}}, {\"changed\": {\"name\": \"variation\", \"object\": \"Variation object (32)\", \"fields\": [\"Color\", \"Image\", \"Size\"]}}, {\"changed\": {\"name\": \"image\", \"object\": \"Image object (34)\", \"fields\": [\"Image\"]}}]"
        }
    },
    {
        "model": "admin.logentry",
        "pk": 50,
        "fields": {
            "action_time": "2024-07-09T07:08:02.922Z",
            "user": 1,
            "content_type": 4,
            "object_id": "6",
            "object_repr": "soroh_michael",
            "action_flag": 3,
            "change_message": ""
        }
    },
    {
        "model": "admin.logentry",
        "pk": 51,
        "fields": {
            "action_time": "2024-07-09T07:08:02.934Z",
            "user": 1,
            "content_type": 4,
            "object_id": "8",
            "object_repr": "sorohmichael",
            "action_flag": 3,
            "change_message": ""
        }
    },
    {
        "model": "admin.logentry",
        "pk": 52,
        "fields": {
            "action_time": "2024-07-09T07:08:51.120Z",
            "user": 1,
            "content_type": 4,
            "object_id": "6",
            "object_repr": "soroh_michael",
            "action_flag": 3,
            "change_message": ""
        }
    },
    {
        "model": "admin.logentry",
        "pk": 53,
        "fields": {
            "action_time": "2024-07-09T13:53:42.385Z",
            "user": 1,
            "content_type": 4,
            "object_id": "6",
            "object_repr": "soroh_michael",
            "action_flag": 3,
            "change_message": ""
        }
    },
    {
        "model": "admin.logentry",
        "pk": 54,
        "fields": {
            "action_time": "2024-07-09T14:10:19.315Z",
            "user": 1,
            "content_type": 4,
            "object_id": "6",
            "object_repr": "soroh_michael",
            "action_flag": 3,
            "change_message": ""
        }
    },
    {
        "model": "admin.logentry",
        "pk": 55,
        "fields": {
            "action_time": "2024-07-09T14:10:19.317Z",
            "user": 1,
            "content_type": 4,
            "object_id": "8",
            "object_repr": "sorohmichael",
            "action_flag": 3,
            "change_message": ""
        }
    },
    {
        "model": "admin.logentry",
        "pk": 56,
        "fields": {
            "action_time": "2024-07-09T14:37:55.275Z",
            "user": 1,
            "content_type": 4,
            "object_id": "7",
            "object_repr": "Damilolaphilips",
            "action_flag": 3,
            "change_message": ""
        }
    },
    {
        "model": "admin.logentry",
        "pk": 57,
        "fields": {
            "action_time": "2024-07-09T14:38:05.769Z",
            "user": 1,
            "content_type": 4,
            "object_id": "4",
            "object_repr": "muuky",
            "action_flag": 3,
            "change_message": ""
        }
    },
    {
        "model": "admin.logentry",
        "pk": 58,
        "fields": {
            "action_time": "2024-07-10T22:06:55.083Z",
            "user": 1,
            "content_type": 10,
            "object_id": "13",
            "object_repr": "Licensed Fish",
            "action_flag": 2,
            "change_message": "[{\"changed\": {\"fields\": [\"Stripe price\", \"Short description\", \"Full description\"]}}, {\"changed\": {\"name\": \"image\", \"object\": \"Image object (10)\", \"fields\": [\"Image\"]}}, {\"changed\": {\"name\": \"image\", \"object\": \"Image object (20)\", \"fields\": [\"Image\"]}}]"
        }
    },
    {
        "model": "admin.logentry",
        "pk": 59,
        "fields": {
            "action_time": "2024-07-10T22:07:14.618Z",
            "user": 1,
            "content_type": 10,
            "object_id": "13",
            "object_repr": "Men's Watch",
            "action_flag": 2,
            "change_message": "[{\"changed\": {\"fields\": [\"Name\"]}}]"
        }
    },
    {
        "model": "admin.logentry",
        "pk": 60,
        "fields": {
            "action_time": "2024-07-10T22:09:07.509Z",
            "user": 1,
            "content_type": 10,
            "object_id": "13",
            "object_repr": "Men's Watch",
            "action_flag": 2,
            "change_message": "[{\"changed\": {\"fields\": [\"Tag\"]}}]"
        }
    },
    {
        "model": "admin.logentry",
        "pk": 61,
        "fields": {
            "action_time": "2024-07-10T22:13:55.786Z",
            "user": 1,
            "content_type": 10,
            "object_id": "15",
            "object_repr": "NORTH EDGE ALPS Men's Digital",
            "action_flag": 2,
            "change_message": "[{\"changed\": {\"fields\": [\"Name\", \"Stripe price\", \"Tag\", \"Short description\", \"Full description\"]}}, {\"changed\": {\"name\": \"image\", \"object\": \"Image object (22)\", \"fields\": [\"Image\"]}}]"
        }
    },
    {
        "model": "admin.logentry",
        "pk": 62,
        "fields": {
            "action_time": "2024-07-10T22:17:51.384Z",
            "user": 1,
            "content_type": 10,
            "object_id": "12",
            "object_repr": "Danami Grace Fortified Hooded Short Gown- Pink",
            "action_flag": 2,
            "change_message": "[{\"changed\": {\"fields\": [\"Name\", \"Stripe price\", \"Category\", \"Short description\", \"Full description\"]}}, {\"changed\": {\"name\": \"image\", \"object\": \"Image object (6)\", \"fields\": [\"Image\"]}}, {\"deleted\": {\"name\": \"image\", \"object\": \"Image object (None)\"}}]"
        }
    },
    {
        "model": "admin.logentry",
        "pk": 63,
        "fields": {
            "action_time": "2024-07-10T22:20:51.213Z",
            "user": 1,
            "content_type": 10,
            "object_id": "14",
            "object_repr": "Danami Blue & White Dyed Hoodie Gown Dress",
            "action_flag": 2,
            "change_message": "[{\"changed\": {\"fields\": [\"Name\", \"Stripe price\", \"Category\", \"Short description\", \"Full description\"]}}, {\"changed\": {\"name\": \"image\", \"object\": \"Image object (21)\", \"fields\": [\"Image\"]}}]"
        }
    },
    {
        "model": "admin.logentry",
        "pk": 64,
        "fields": {
            "action_time": "2024-07-10T22:26:32.597Z",
            "user": 1,
            "content_type": 10,
            "object_id": "10",
            "object_repr": "Multifocal Reading Glasses Far And Near",
            "action_flag": 2,
            "change_message": "[{\"changed\": {\"fields\": [\"Name\", \"Stripe price\", \"Category\", \"Tag\", \"Short description\", \"Full description\"]}}, {\"changed\": {\"name\": \"image\", \"object\": \"Image object (15)\", \"fields\": [\"Image\"]}}, {\"changed\": {\"name\": \"image\", \"object\": \"Image object (27)\", \"fields\": [\"Image\"]}}]"
        }
    },
    {
        "model": "admin.logentry",
        "pk": 65,
        "fields": {
            "action_time": "2024-07-10T22:29:34.251Z",
            "user": 1,
            "content_type": 10,
            "object_id": "17",
            "object_repr": "TR90 Reading Glasses",
            "action_flag": 2,
            "change_message": "[{\"changed\": {\"fields\": [\"Name\", \"Stripe price\", \"Short description\", \"Full description\"]}}, {\"changed\": {\"name\": \"image\", \"object\": \"Image object (29)\", \"fields\": [\"Image\"]}}]"
        }
    },
    {
        "model": "admin.logentry",
        "pk": 66,
        "fields": {
            "action_time": "2024-07-10T22:41:13.933Z",
            "user": 1,
            "content_type": 10,
            "object_id": "18",
            "object_repr": "Anti Blue Rays Glasses",
            "action_flag": 2,
            "change_message": "[{\"changed\": {\"fields\": [\"Name\", \"Stripe price\", \"Short description\", \"Full description\"]}}, {\"changed\": {\"name\": \"image\", \"object\": \"Image object (30)\", \"fields\": [\"Image\"]}}]"
        }
    },
    {
        "model": "admin.logentry",
        "pk": 67,
        "fields": {
            "action_time": "2024-07-10T22:44:13.675Z",
            "user": 1,
            "content_type": 10,
            "object_id": "19",
            "object_repr": "Adjustable Knee Support Knee",
            "action_flag": 2,
            "change_message": "[{\"changed\": {\"fields\": [\"Name\", \"Stripe price\", \"Short description\", \"Full description\"]}}, {\"changed\": {\"name\": \"image\", \"object\": \"Image object (31)\", \"fields\": [\"Image\"]}}]"
        }
    },
    {
        "model": "admin.logentry",
        "pk": 68,
        "fields": {
            "action_time": "2024-07-10T22:46:48.090Z",
            "user": 1,
            "content_type": 10,
            "object_id": "20",
            "object_repr": "Moisturizing Lotion",
            "action_flag": 2,
            "change_message": "[{\"changed\": {\"fields\": [\"Name\", \"Category\", \"Tag\", \"Short description\", \"Full description\"]}}, {\"deleted\": {\"name\": \"variation\", \"object\": \"Variation object (None)\"}}, {\"changed\": {\"name\": \"image\", \"object\": \"Image object (32)\", \"fields\": [\"Image\"]}}]"
        }
    },
    {
        "model": "admin.logentry",
        "pk": 69,
        "fields": {
            "action_time": "2024-07-10T22:48:52.070Z",
            "user": 1,
            "content_type": 10,
            "object_id": "20",
            "object_repr": "Moisturizing Lotion",
            "action_flag": 2,
            "change_message": "[{\"added\": {\"name\": \"variation\", \"object\": \"Variation object (35)\"}}, {\"added\": {\"name\": \"variation\", \"object\": \"Variation object (36)\"}}]"
        }
    },
    {
        "model": "admin.logentry",
        "pk": 70,
        "fields": {
            "action_time": "2024-07-11T01:43:48.742Z",
            "user": 1,
            "content_type": 21,
            "object_id": "1",
            "object_repr": "sorohmichael-2a9bd018-f82d-4751-a125-d059a0760794",
            "action_flag": 2,
            "change_message": "[{\"changed\": {\"fields\": [\"Is paid\"]}}]"
        }
    },
    {
        "model": "auth.permission",
        "pk": 1,
        "fields": {
            "name": "Can add log entry",
            "content_type": 1,
            "codename": "add_logentry"
        }
    },
    {
        "model": "auth.permission",
        "pk": 2,
        "fields": {
            "name": "Can change log entry",
            "content_type": 1,
            "codename": "change_logentry"
        }
    },
    {
        "model": "auth.permission",
        "pk": 3,
        "fields": {
            "name": "Can delete log entry",
            "content_type": 1,
            "codename": "delete_logentry"
        }
    },
    {
        "model": "auth.permission",
        "pk": 4,
        "fields": {
            "name": "Can view log entry",
            "content_type": 1,
            "codename": "view_logentry"
        }
    },
    {
        "model": "auth.permission",
        "pk": 5,
        "fields": {
            "name": "Can add permission",
            "content_type": 2,
            "codename": "add_permission"
        }
    },
    {
        "model": "auth.permission",
        "pk": 6,
        "fields": {
            "name": "Can change permission",
            "content_type": 2,
            "codename": "change_permission"
        }
    },
    {
        "model": "auth.permission",
        "pk": 7,
        "fields": {
            "name": "Can delete permission",
            "content_type": 2,
            "codename": "delete_permission"
        }
    },
    {
        "model": "auth.permission",
        "pk": 8,
        "fields": {
            "name": "Can view permission",
            "content_type": 2,
            "codename": "view_permission"
        }
    },
    {
        "model": "auth.permission",
        "pk": 9,
        "fields": {
            "name": "Can add group",
            "content_type": 3,
            "codename": "add_group"
        }
    },
    {
        "model": "auth.permission",
        "pk": 10,
        "fields": {
            "name": "Can change group",
            "content_type": 3,
            "codename": "change_group"
        }
    },
    {
        "model": "auth.permission",
        "pk": 11,
        "fields": {
            "name": "Can delete group",
            "content_type": 3,
            "codename": "delete_group"
        }
    },
    {
        "model": "auth.permission",
        "pk": 12,
        "fields": {
            "name": "Can view group",
            "content_type": 3,
            "codename": "view_group"
        }
    },
    {
        "model": "auth.permission",
        "pk": 13,
        "fields": {
            "name": "Can add user",
            "content_type": 4,
            "codename": "add_user"
        }
    },
    {
        "model": "auth.permission",
        "pk": 14,
        "fields": {
            "name": "Can change user",
            "content_type": 4,
            "codename": "change_user"
        }
    },
    {
        "model": "auth.permission",
        "pk": 15,
        "fields": {
            "name": "Can delete user",
            "content_type": 4,
            "codename": "delete_user"
        }
    },
    {
        "model": "auth.permission",
        "pk": 16,
        "fields": {
            "name": "Can view user",
            "content_type": 4,
            "codename": "view_user"
        }
    },
    {
        "model": "auth.permission",
        "pk": 17,
        "fields": {
            "name": "Can add content type",
            "content_type": 5,
            "codename": "add_contenttype"
        }
    },
    {
        "model": "auth.permission",
        "pk": 18,
        "fields": {
            "name": "Can change content type",
            "content_type": 5,
            "codename": "change_contenttype"
        }
    },
    {
        "model": "auth.permission",
        "pk": 19,
        "fields": {
            "name": "Can delete content type",
            "content_type": 5,
            "codename": "delete_contenttype"
        }
    },
    {
        "model": "auth.permission",
        "pk": 20,
        "fields": {
            "name": "Can view content type",
            "content_type": 5,
            "codename": "view_contenttype"
        }
    },
    {
        "model": "auth.permission",
        "pk": 21,
        "fields": {
            "name": "Can add session",
            "content_type": 6,
            "codename": "add_session"
        }
    },
    {
        "model": "auth.permission",
        "pk": 22,
        "fields": {
            "name": "Can change session",
            "content_type": 6,
            "codename": "change_session"
        }
    },
    {
        "model": "auth.permission",
        "pk": 23,
        "fields": {
            "name": "Can delete session",
            "content_type": 6,
            "codename": "delete_session"
        }
    },
    {
        "model": "auth.permission",
        "pk": 24,
        "fields": {
            "name": "Can view session",
            "content_type": 6,
            "codename": "view_session"
        }
    },
    {
        "model": "auth.permission",
        "pk": 25,
        "fields": {
            "name": "Can add site",
            "content_type": 7,
            "codename": "add_site"
        }
    },
    {
        "model": "auth.permission",
        "pk": 26,
        "fields": {
            "name": "Can change site",
            "content_type": 7,
            "codename": "change_site"
        }
    },
    {
        "model": "auth.permission",
        "pk": 27,
        "fields": {
            "name": "Can delete site",
            "content_type": 7,
            "codename": "delete_site"
        }
    },
    {
        "model": "auth.permission",
        "pk": 28,
        "fields": {
            "name": "Can view site",
            "content_type": 7,
            "codename": "view_site"
        }
    },
    {
        "model": "auth.permission",
        "pk": 29,
        "fields": {
            "name": "Can add slide",
            "content_type": 8,
            "codename": "add_slide"
        }
    },
    {
        "model": "auth.permission",
        "pk": 30,
        "fields": {
            "name": "Can change slide",
            "content_type": 8,
            "codename": "change_slide"
        }
    },
    {
        "model": "auth.permission",
        "pk": 31,
        "fields": {
            "name": "Can delete slide",
            "content_type": 8,
            "codename": "delete_slide"
        }
    },
    {
        "model": "auth.permission",
        "pk": 32,
        "fields": {
            "name": "Can view slide",
            "content_type": 8,
            "codename": "view_slide"
        }
    },
    {
        "model": "auth.permission",
        "pk": 33,
        "fields": {
            "name": "Can add category",
            "content_type": 9,
            "codename": "add_category"
        }
    },
    {
        "model": "auth.permission",
        "pk": 34,
        "fields": {
            "name": "Can change category",
            "content_type": 9,
            "codename": "change_category"
        }
    },
    {
        "model": "auth.permission",
        "pk": 35,
        "fields": {
            "name": "Can delete category",
            "content_type": 9,
            "codename": "delete_category"
        }
    },
    {
        "model": "auth.permission",
        "pk": 36,
        "fields": {
            "name": "Can view category",
            "content_type": 9,
            "codename": "view_category"
        }
    },
    {
        "model": "auth.permission",
        "pk": 37,
        "fields": {
            "name": "Can add product",
            "content_type": 10,
            "codename": "add_product"
        }
    },
    {
        "model": "auth.permission",
        "pk": 38,
        "fields": {
            "name": "Can change product",
            "content_type": 10,
            "codename": "change_product"
        }
    },
    {
        "model": "auth.permission",
        "pk": 39,
        "fields": {
            "name": "Can delete product",
            "content_type": 10,
            "codename": "delete_product"
        }
    },
    {
        "model": "auth.permission",
        "pk": 40,
        "fields": {
            "name": "Can view product",
            "content_type": 10,
            "codename": "view_product"
        }
    },
    {
        "model": "auth.permission",
        "pk": 41,
        "fields": {
            "name": "Can add size",
            "content_type": 11,
            "codename": "add_size"
        }
    },
    {
        "model": "auth.permission",
        "pk": 42,
        "fields": {
            "name": "Can change size",
            "content_type": 11,
            "codename": "change_size"
        }
    },
    {
        "model": "auth.permission",
        "pk": 43,
        "fields": {
            "name": "Can delete size",
            "content_type": 11,
            "codename": "delete_size"
        }
    },
    {
        "model": "auth.permission",
        "pk": 44,
        "fields": {
            "name": "Can view size",
            "content_type": 11,
            "codename": "view_size"
        }
    },
    {
        "model": "auth.permission",
        "pk": 45,
        "fields": {
            "name": "Can add tag",
            "content_type": 12,
            "codename": "add_tag"
        }
    },
    {
        "model": "auth.permission",
        "pk": 46,
        "fields": {
            "name": "Can change tag",
            "content_type": 12,
            "codename": "change_tag"
        }
    },
    {
        "model": "auth.permission",
        "pk": 47,
        "fields": {
            "name": "Can delete tag",
            "content_type": 12,
            "codename": "delete_tag"
        }
    },
    {
        "model": "auth.permission",
        "pk": 48,
        "fields": {
            "name": "Can view tag",
            "content_type": 12,
            "codename": "view_tag"
        }
    },
    {
        "model": "auth.permission",
        "pk": 49,
        "fields": {
            "name": "Can add wish list",
            "content_type": 13,
            "codename": "add_wishlist"
        }
    },
    {
        "model": "auth.permission",
        "pk": 50,
        "fields": {
            "name": "Can change wish list",
            "content_type": 13,
            "codename": "change_wishlist"
        }
    },
    {
        "model": "auth.permission",
        "pk": 51,
        "fields": {
            "name": "Can delete wish list",
            "content_type": 13,
            "codename": "delete_wishlist"
        }
    },
    {
        "model": "auth.permission",
        "pk": 52,
        "fields": {
            "name": "Can view wish list",
            "content_type": 13,
            "codename": "view_wishlist"
        }
    },
    {
        "model": "auth.permission",
        "pk": 53,
        "fields": {
            "name": "Can add variation",
            "content_type": 14,
            "codename": "add_variation"
        }
    },
    {
        "model": "auth.permission",
        "pk": 54,
        "fields": {
            "name": "Can change variation",
            "content_type": 14,
            "codename": "change_variation"
        }
    },
    {
        "model": "auth.permission",
        "pk": 55,
        "fields": {
            "name": "Can delete variation",
            "content_type": 14,
            "codename": "delete_variation"
        }
    },
    {
        "model": "auth.permission",
        "pk": 56,
        "fields": {
            "name": "Can view variation",
            "content_type": 14,
            "codename": "view_variation"
        }
    },
    {
        "model": "auth.permission",
        "pk": 57,
        "fields": {
            "name": "Can add product review",
            "content_type": 15,
            "codename": "add_productreview"
        }
    },
    {
        "model": "auth.permission",
        "pk": 58,
        "fields": {
            "name": "Can change product review",
            "content_type": 15,
            "codename": "change_productreview"
        }
    },
    {
        "model": "auth.permission",
        "pk": 59,
        "fields": {
            "name": "Can delete product review",
            "content_type": 15,
            "codename": "delete_productreview"
        }
    },
    {
        "model": "auth.permission",
        "pk": 60,
        "fields": {
            "name": "Can view product review",
            "content_type": 15,
            "codename": "view_productreview"
        }
    },
    {
        "model": "auth.permission",
        "pk": 61,
        "fields": {
            "name": "Can add image",
            "content_type": 16,
            "codename": "add_image"
        }
    },
    {
        "model": "auth.permission",
        "pk": 62,
        "fields": {
            "name": "Can change image",
            "content_type": 16,
            "codename": "change_image"
        }
    },
    {
        "model": "auth.permission",
        "pk": 63,
        "fields": {
            "name": "Can delete image",
            "content_type": 16,
            "codename": "delete_image"
        }
    },
    {
        "model": "auth.permission",
        "pk": 64,
        "fields": {
            "name": "Can view image",
            "content_type": 16,
            "codename": "view_image"
        }
    },
    {
        "model": "auth.permission",
        "pk": 65,
        "fields": {
            "name": "Can add profile",
            "content_type": 17,
            "codename": "add_profile"
        }
    },
    {
        "model": "auth.permission",
        "pk": 66,
        "fields": {
            "name": "Can change profile",
            "content_type": 17,
            "codename": "change_profile"
        }
    },
    {
        "model": "auth.permission",
        "pk": 67,
        "fields": {
            "name": "Can delete profile",
            "content_type": 17,
            "codename": "delete_profile"
        }
    },
    {
        "model": "auth.permission",
        "pk": 68,
        "fields": {
            "name": "Can view profile",
            "content_type": 17,
            "codename": "view_profile"
        }
    },
    {
        "model": "auth.permission",
        "pk": 69,
        "fields": {
            "name": "Can add billing address",
            "content_type": 18,
            "codename": "add_billingaddress"
        }
    },
    {
        "model": "auth.permission",
        "pk": 70,
        "fields": {
            "name": "Can change billing address",
            "content_type": 18,
            "codename": "change_billingaddress"
        }
    },
    {
        "model": "auth.permission",
        "pk": 71,
        "fields": {
            "name": "Can delete billing address",
            "content_type": 18,
            "codename": "delete_billingaddress"
        }
    },
    {
        "model": "auth.permission",
        "pk": 72,
        "fields": {
            "name": "Can view billing address",
            "content_type": 18,
            "codename": "view_billingaddress"
        }
    },
    {
        "model": "auth.permission",
        "pk": 73,
        "fields": {
            "name": "Can add cart item",
            "content_type": 19,
            "codename": "add_cartitem"
        }
    },
    {
        "model": "auth.permission",
        "pk": 74,
        "fields": {
            "name": "Can change cart item",
            "content_type": 19,
            "codename": "change_cartitem"
        }
    },
    {
        "model": "auth.permission",
        "pk": 75,
        "fields": {
            "name": "Can delete cart item",
            "content_type": 19,
            "codename": "delete_cartitem"
        }
    },
    {
        "model": "auth.permission",
        "pk": 76,
        "fields": {
            "name": "Can view cart item",
            "content_type": 19,
            "codename": "view_cartitem"
        }
    },
    {
        "model": "auth.permission",
        "pk": 77,
        "fields": {
            "name": "Can add coupon",
            "content_type": 20,
            "codename": "add_coupon"
        }
    },
    {
        "model": "auth.permission",
        "pk": 78,
        "fields": {
            "name": "Can change coupon",
            "content_type": 20,
            "codename": "change_coupon"
        }
    },
    {
        "model": "auth.permission",
        "pk": 79,
        "fields": {
            "name": "Can delete coupon",
            "content_type": 20,
            "codename": "delete_coupon"
        }
    },
    {
        "model": "auth.permission",
        "pk": 80,
        "fields": {
            "name": "Can view coupon",
            "content_type": 20,
            "codename": "view_coupon"
        }
    },
    {
        "model": "auth.permission",
        "pk": 81,
        "fields": {
            "name": "Can add order",
            "content_type": 21,
            "codename": "add_order"
        }
    },
    {
        "model": "auth.permission",
        "pk": 82,
        "fields": {
            "name": "Can change order",
            "content_type": 21,
            "codename": "change_order"
        }
    },
    {
        "model": "auth.permission",
        "pk": 83,
        "fields": {
            "name": "Can delete order",
            "content_type": 21,
            "codename": "delete_order"
        }
    },
    {
        "model": "auth.permission",
        "pk": 84,
        "fields": {
            "name": "Can view order",
            "content_type": 21,
            "codename": "view_order"
        }
    },
    {
        "model": "auth.permission",
        "pk": 85,
        "fields": {
            "name": "Can add refund",
            "content_type": 22,
            "codename": "add_refund"
        }
    },
    {
        "model": "auth.permission",
        "pk": 86,
        "fields": {
            "name": "Can change refund",
            "content_type": 22,
            "codename": "change_refund"
        }
    },
    {
        "model": "auth.permission",
        "pk": 87,
        "fields": {
            "name": "Can delete refund",
            "content_type": 22,
            "codename": "delete_refund"
        }
    },
    {
        "model": "auth.permission",
        "pk": 88,
        "fields": {
            "name": "Can view refund",
            "content_type": 22,
            "codename": "view_refund"
        }
    },
    {
        "model": "auth.permission",
        "pk": 89,
        "fields": {
            "name": "Can add payment",
            "content_type": 23,
            "codename": "add_payment"
        }
    },
    {
        "model": "auth.permission",
        "pk": 90,
        "fields": {
            "name": "Can change payment",
            "content_type": 23,
            "codename": "change_payment"
        }
    },
    {
        "model": "auth.permission",
        "pk": 91,
        "fields": {
            "name": "Can delete payment",
            "content_type": 23,
            "codename": "delete_payment"
        }
    },
    {
        "model": "auth.permission",
        "pk": 92,
        "fields": {
            "name": "Can view payment",
            "content_type": 23,
            "codename": "view_payment"
        }
    },
    {
        "model": "auth.permission",
        "pk": 93,
        "fields": {
            "name": "Can add billing profile",
            "content_type": 24,
            "codename": "add_billingprofile"
        }
    },
    {
        "model": "auth.permission",
        "pk": 94,
        "fields": {
            "name": "Can change billing profile",
            "content_type": 24,
            "codename": "change_billingprofile"
        }
    },
    {
        "model": "auth.permission",
        "pk": 95,
        "fields": {
            "name": "Can delete billing profile",
            "content_type": 24,
            "codename": "delete_billingprofile"
        }
    },
    {
        "model": "auth.permission",
        "pk": 96,
        "fields": {
            "name": "Can view billing profile",
            "content_type": 24,
            "codename": "view_billingprofile"
        }
    },
    {
        "model": "auth.permission",
        "pk": 97,
        "fields": {
            "name": "Can add card",
            "content_type": 25,
            "codename": "add_card"
        }
    },
    {
        "model": "auth.permission",
        "pk": 98,
        "fields": {
            "name": "Can change card",
            "content_type": 25,
            "codename": "change_card"
        }
    },
    {
        "model": "auth.permission",
        "pk": 99,
        "fields": {
            "name": "Can delete card",
            "content_type": 25,
            "codename": "delete_card"
        }
    },
    {
        "model": "auth.permission",
        "pk": 100,
        "fields": {
            "name": "Can view card",
            "content_type": 25,
            "codename": "view_card"
        }
    },
    {
        "model": "auth.permission",
        "pk": 101,
        "fields": {
            "name": "Can add charge",
            "content_type": 26,
            "codename": "add_charge"
        }
    },
    {
        "model": "auth.permission",
        "pk": 102,
        "fields": {
            "name": "Can change charge",
            "content_type": 26,
            "codename": "change_charge"
        }
    },
    {
        "model": "auth.permission",
        "pk": 103,
        "fields": {
            "name": "Can delete charge",
            "content_type": 26,
            "codename": "delete_charge"
        }
    },
    {
        "model": "auth.permission",
        "pk": 104,
        "fields": {
            "name": "Can view charge",
            "content_type": 26,
            "codename": "view_charge"
        }
    },
    {
        "model": "auth.permission",
        "pk": 105,
        "fields": {
            "name": "Can add billing address",
            "content_type": 27,
            "codename": "add_billingaddress"
        }
    },
    {
        "model": "auth.permission",
        "pk": 106,
        "fields": {
            "name": "Can change billing address",
            "content_type": 27,
            "codename": "change_billingaddress"
        }
    },
    {
        "model": "auth.permission",
        "pk": 107,
        "fields": {
            "name": "Can delete billing address",
            "content_type": 27,
            "codename": "delete_billingaddress"
        }
    },
    {
        "model": "auth.permission",
        "pk": 108,
        "fields": {
            "name": "Can view billing address",
            "content_type": 27,
            "codename": "view_billingaddress"
        }
    },
    {
        "model": "contenttypes.contenttype",
        "pk": 1,
        "fields": {
            "app_label": "admin",
            "model": "logentry"
        }
    },
    {
        "model": "contenttypes.contenttype",
        "pk": 2,
        "fields": {
            "app_label": "auth",
            "model": "permission"
        }
    },
    {
        "model": "contenttypes.contenttype",
        "pk": 3,
        "fields": {
            "app_label": "auth",
            "model": "group"
        }
    },
    {
        "model": "contenttypes.contenttype",
        "pk": 4,
        "fields": {
            "app_label": "auth",
            "model": "user"
        }
    },
    {
        "model": "contenttypes.contenttype",
        "pk": 5,
        "fields": {
            "app_label": "contenttypes",
            "model": "contenttype"
        }
    },
    {
        "model": "contenttypes.contenttype",
        "pk": 6,
        "fields": {
            "app_label": "sessions",
            "model": "session"
        }
    },
    {
        "model": "contenttypes.contenttype",
        "pk": 7,
        "fields": {
            "app_label": "sites",
            "model": "site"
        }
    },
    {
        "model": "contenttypes.contenttype",
        "pk": 8,
        "fields": {
            "app_label": "core",
            "model": "slide"
        }
    },
    {
        "model": "contenttypes.contenttype",
        "pk": 9,
        "fields": {
            "app_label": "products",
            "model": "category"
        }
    },
    {
        "model": "contenttypes.contenttype",
        "pk": 10,
        "fields": {
            "app_label": "products",
            "model": "product"
        }
    },
    {
        "model": "contenttypes.contenttype",
        "pk": 11,
        "fields": {
            "app_label": "products",
            "model": "size"
        }
    },
    {
        "model": "contenttypes.contenttype",
        "pk": 12,
        "fields": {
            "app_label": "products",
            "model": "tag"
        }
    },
    {
        "model": "contenttypes.contenttype",
        "pk": 13,
        "fields": {
            "app_label": "products",
            "model": "wishlist"
        }
    },
    {
        "model": "contenttypes.contenttype",
        "pk": 14,
        "fields": {
            "app_label": "products",
            "model": "variation"
        }
    },
    {
        "model": "contenttypes.contenttype",
        "pk": 15,
        "fields": {
            "app_label": "products",
            "model": "productreview"
        }
    },
    {
        "model": "contenttypes.contenttype",
        "pk": 16,
        "fields": {
            "app_label": "products",
            "model": "image"
        }
    },
    {
        "model": "contenttypes.contenttype",
        "pk": 17,
        "fields": {
            "app_label": "accounts",
            "model": "profile"
        }
    },
    {
        "model": "contenttypes.contenttype",
        "pk": 18,
        "fields": {
            "app_label": "orders",
            "model": "billingaddress"
        }
    },
    {
        "model": "contenttypes.contenttype",
        "pk": 19,
        "fields": {
            "app_label": "orders",
            "model": "cartitem"
        }
    },
    {
        "model": "contenttypes.contenttype",
        "pk": 20,
        "fields": {
            "app_label": "orders",
            "model": "coupon"
        }
    },
    {
        "model": "contenttypes.contenttype",
        "pk": 21,
        "fields": {
            "app_label": "orders",
            "model": "order"
        }
    },
    {
        "model": "contenttypes.contenttype",
        "pk": 22,
        "fields": {
            "app_label": "orders",
            "model": "refund"
        }
    },
    {
        "model": "contenttypes.contenttype",
        "pk": 23,
        "fields": {
            "app_label": "orders",
            "model": "payment"
        }
    },
    {
        "model": "contenttypes.contenttype",
        "pk": 24,
        "fields": {
            "app_label": "billing",
            "model": "billingprofile"
        }
    },
    {
        "model": "contenttypes.contenttype",
        "pk": 25,
        "fields": {
            "app_label": "billing",
            "model": "card"
        }
    },
    {
        "model": "contenttypes.contenttype",
        "pk": 26,
        "fields": {
            "app_label": "billing",
            "model": "charge"
        }
    },
    {
        "model": "contenttypes.contenttype",
        "pk": 27,
        "fields": {
            "app_label": "billing",
            "model": "billingaddress"
        }
    },
    {
        "model": "sessions.session",
        "pk": "1hadohfx1trdsnsd8vwqi7oitpv97b10",
        "fields": {
            "session_data": ".eJxVzEsOwiAYBOC7sDYEKIi4dN8zEP4HUjU0Ke3KeHdL0oVuZ76Zt4hpW0vcGi9xInEVWpx-M0j45NoLeqR6nyXOdV0mkJ3Io21ynIlft8P-HZTUSl-DQUrWMJPnMIByBhmtcoMLbDSjyQSZvAqgPZqdapu1uoDa0Rms-HwBEec4oA:1sRil3:SxZp33-bzncKWgXNnmg9LbkfDg6jPYuF59qJm1jTTSA",
            "expire_date": "2024-07-25T01:38:05.761Z"
        }
    },
    {
        "model": "sessions.session",
        "pk": "372c0xzpbyxdx1gi79qv78wmlrx76s51",
        "fields": {
            "session_data": ".eJxVjEEOwiAQRe_C2hAKFAeX7nsGAjODVA0kpV0Z765NutDtf-_9lwhxW0vYOi9hJnERgzj9binig-sO6B7rrUlsdV3mJHdFHrTLqRE_r4f7d1BiL98aFaloz0g-M2TrEJNW5KLnhOwzGGuTIR6JOAMZ1GAT-JGtJzfoDOL9ASI4OT0:1sOD7X:ZDZtRuf9z3CDzMPS52NVClM-6Jfo5qx-4nZzJGRn2p4",
            "expire_date": "2024-07-15T09:14:47.427Z"
        }
    },
    {
        "model": "sessions.session",
        "pk": "6hjba9mw0gb9yf2ev62g5hsxys3nyxi1",
        "fields": {
            "session_data": ".eJxVzEsOwiAYBOC7sDYEKIi4dN8zEP4HUjU0Ke3KeHdL0oVuZ76Zt4hpW0vcGi9xInEVWpx-M0j45NoLeqR6nyXOdV0mkJ3Io21ynIlft8P-HZTUSl-DQUrWMJPnMIByBhmtcoMLbDSjyQSZvAqgPZqdapu1uoDa0Rms-HwBEec4oA:1sRBXi:Lb9Kvhqr1x5BZxEc60CFQBy3zMsL3AHnmJPv4mSvi5E",
            "expire_date": "2024-07-23T14:10:06.655Z"
        }
    },
    {
        "model": "sessions.session",
        "pk": "fzljp6zofynpz4z771d9yls30lfbz8p8",
        "fields": {
            "session_data": ".eJxVjEEOwiAQRe_C2hAKFAeX7nsGAjODVA0kpV0Z765NutDtf-_9lwhxW0vYOi9hJnERgzj9binig-sO6B7rrUlsdV3mJHdFHrTLqRE_r4f7d1BiL98aFaloz0g-M2TrEJNW5KLnhOwzGGuTIR6JOAMZ1GAT-JGtJzfoDOL9ASI4OT0:1sOIDH:4-kFnO5kFEf1fIWQW1zgr2CjM8Tc7YchR3-_6YT2i9U",
            "expire_date": "2024-07-15T14:41:03.405Z"
        }
    },
    {
        "model": "sessions.session",
        "pk": "hq2c5khqfz31mx3admzgvtsqa58imaqu",
        "fields": {
            "session_data": ".eJxVjEEOwiAQRe_C2hAKFAeX7nsGAjODVA0kpV0Z765NutDtf-_9lwhxW0vYOi9hJnERgzj9binig-sO6B7rrUlsdV3mJHdFHrTLqRE_r4f7d1BiL98aFaloz0g-M2TrEJNW5KLnhOwzGGuTIR6JOAMZ1GAT-JGtJzfoDOL9ASI4OT0:1sOCp1:4yJ38izaGS0QkYMRd3Bzl8mUJMjHfoYFuw_xM2Zlgzc",
            "expire_date": "2024-07-15T08:55:39.811Z"
        }
    },
    {
        "model": "sessions.session",
        "pk": "iksy4j4ujehegkrq52gal3cxgk1s13va",
        "fields": {
            "session_data": ".eJxVjEEOwiAQRe_C2hAKFAeX7nsGAjODVA0kpV0Z765NutDtf-_9lwhxW0vYOi9hJnERgzj9binig-sO6B7rrUlsdV3mJHdFHrTLqRE_r4f7d1BiL98aFaloz0g-M2TrEJNW5KLnhOwzGGuTIR6JOAMZ1GAT-JGtJzfoDOL9ASI4OT0:1sMOOH:ajaxgS6W3c1ZIcsevW1LNzxVf3XpAA8TEl10QqguucQ",
            "expire_date": "2024-07-10T08:52:33.606Z"
        }
    },
    {
        "model": "sites.site",
        "pk": 1,
        "fields": {
            "domain": "tagworld-react.pvdxzh.easypanel.host",
            "name": "Tagworld Store"
        }
    },
    {
        "model": "core.slide",
        "pk": 1,
        "fields": {
            "title": "Daily deals",
            "subtitle": "Winter Collection 2024",
            "link": "/shop",
            "image": "media/girl_ypvm52",
            "is_active": true
        }
    },
    {
        "model": "core.slide",
        "pk": 2,
        "fields": {
            "title": "Smart Products",
            "subtitle": "Summer Offer 2024 Collection",
            "link": "/shop",
            "image": "media/single-slide-hm1-2_bkapnx",
            "is_active": true
        }
    },
    {
        "model": "core.slide",
        "pk": 3,
        "fields": {
            "title": "Smart Products",
            "subtitle": "Winter Offer 2024 Collection",
            "link": "/shop",
            "image": "media/single-slide-1_pbpumd",
            "is_active": true
        }
    },
    {
        "model": "products.category",
        "pk": 1,
        "fields": {
            "name": "Fashion",
            "slug": "fashion"
        }
    },
    {
        "model": "products.category",
        "pk": 2,
        "fields": {
            "name": "Books",
            "slug": "books"
        }
    },
    {
        "model": "products.category",
        "pk": 3,
        "fields": {
            "name": "Movies",
            "slug": "movies"
        }
    },
    {
        "model": "products.category",
        "pk": 4,
        "fields": {
            "name": "Music",
            "slug": "music"
        }
    },
    {
        "model": "products.category",
        "pk": 5,
        "fields": {
            "name": "Games",
            "slug": "games"
        }
    },
    {
        "model": "products.category",
        "pk": 6,
        "fields": {
            "name": "Electronics",
            "slug": "electronics"
        }
    },
    {
        "model": "products.category",
        "pk": 7,
        "fields": {
            "name": "Computers",
            "slug": "computers"
        }
    },
    {
        "model": "products.category",
        "pk": 8,
        "fields": {
            "name": "Home",
            "slug": "home"
        }
    },
    {
        "model": "products.category",
        "pk": 9,
        "fields": {
            "name": "Garden",
            "slug": "garden"
        }
    },
    {
        "model": "products.category",
        "pk": 10,
        "fields": {
            "name": "Tools",
            "slug": "tools"
        }
    },
    {
        "model": "products.category",
        "pk": 11,
        "fields": {
            "name": "Grocery",
            "slug": "grocery"
        }
    },
    {
        "model": "products.category",
        "pk": 12,
        "fields": {
            "name": "Health",
            "slug": "health"
        }
    },
    {
        "model": "products.category",
        "pk": 13,
        "fields": {
            "name": "Beauty",
            "slug": "beauty"
        }
    },
    {
        "model": "products.category",
        "pk": 14,
        "fields": {
            "name": "Toys",
            "slug": "toys"
        }
    },
    {
        "model": "products.category",
        "pk": 15,
        "fields": {
            "name": "Kids",
            "slug": "kids"
        }
    },
    {
        "model": "products.category",
        "pk": 16,
        "fields": {
            "name": "Baby",
            "slug": "baby"
        }
    },
    {
        "model": "products.category",
        "pk": 17,
        "fields": {
            "name": "Clothing",
            "slug": "clothing"
        }
    },
    {
        "model": "products.category",
        "pk": 18,
        "fields": {
            "name": "Shoes",
            "slug": "shoes"
        }
    },
    {
        "model": "products.category",
        "pk": 19,
        "fields": {
            "name": "Jewelery",
            "slug": "jewelery"
        }
    },
    {
        "model": "products.category",
        "pk": 20,
        "fields": {
            "name": "Sports",
            "slug": "sports"
        }
    },
    {
        "model": "products.category",
        "pk": 21,
        "fields": {
            "name": "Outdoors",
            "slug": "outdoors"
        }
    },
    {
        "model": "products.category",
        "pk": 22,
        "fields": {
            "name": "Automotive",
            "slug": "automotive"
        }
    },
    {
        "model": "products.category",
        "pk": 23,
        "fields": {
            "name": "Industrial",
            "slug": "industrial"
        }
    },
    {
        "model": "products.tag",
        "pk": 1,
        "fields": {
            "name": "Women",
            "slug": "women"
        }
    },
    {
        "model": "products.tag",
        "pk": 2,
        "fields": {
            "name": "watches",
            "slug": "watches"
        }
    },
    {
        "model": "products.tag",
        "pk": 3,
        "fields": {
            "name": "Books",
            "slug": "books"
        }
    },
    {
        "model": "products.tag",
        "pk": 4,
        "fields": {
            "name": "Movies",
            "slug": "movies"
        }
    },
    {
        "model": "products.tag",
        "pk": 5,
        "fields": {
            "name": "Music",
            "slug": "music"
        }
    },
    {
        "model": "products.tag",
        "pk": 6,
        "fields": {
            "name": "Games",
            "slug": "games"
        }
    },
    {
        "model": "products.tag",
        "pk": 7,
        "fields": {
            "name": "Electronics",
            "slug": "electronics"
        }
    },
    {
        "model": "products.tag",
        "pk": 8,
        "fields": {
            "name": "Computers",
            "slug": "computers"
        }
    },
    {
        "model": "products.tag",
        "pk": 9,
        "fields": {
            "name": "Home",
            "slug": "home"
        }
    },
    {
        "model": "products.tag",
        "pk": 10,
        "fields": {
            "name": "Garden",
            "slug": "garden"
        }
    },
    {
        "model": "products.tag",
        "pk": 11,
        "fields": {
            "name": "Tools",
            "slug": "tools"
        }
    },
    {
        "model": "products.tag",
        "pk": 12,
        "fields": {
            "name": "Grocery",
            "slug": "grocery"
        }
    },
    {
        "model": "products.tag",
        "pk": 13,
        "fields": {
            "name": "Health",
            "slug": "health"
        }
    },
    {
        "model": "products.tag",
        "pk": 14,
        "fields": {
            "name": "Beauty",
            "slug": "beauty"
        }
    },
    {
        "model": "products.tag",
        "pk": 15,
        "fields": {
            "name": "Toys",
            "slug": "toys"
        }
    },
    {
        "model": "products.tag",
        "pk": 16,
        "fields": {
            "name": "Kids",
            "slug": "kids"
        }
    },
    {
        "model": "products.tag",
        "pk": 17,
        "fields": {
            "name": "Baby",
            "slug": "baby"
        }
    },
    {
        "model": "products.tag",
        "pk": 18,
        "fields": {
            "name": "Clothing",
            "slug": "clothing"
        }
    },
    {
        "model": "products.tag",
        "pk": 19,
        "fields": {
            "name": "Shoes",
            "slug": "shoes"
        }
    },
    {
        "model": "products.tag",
        "pk": 20,
        "fields": {
            "name": "Jewelery",
            "slug": "jewelery"
        }
    },
    {
        "model": "products.tag",
        "pk": 21,
        "fields": {
            "name": "Sports",
            "slug": "sports"
        }
    },
    {
        "model": "products.tag",
        "pk": 22,
        "fields": {
            "name": "Outdoors",
            "slug": "outdoors"
        }
    },
    {
        "model": "products.tag",
        "pk": 23,
        "fields": {
            "name": "Automotive",
            "slug": "automotive"
        }
    },
    {
        "model": "products.tag",
        "pk": 24,
        "fields": {
            "name": "Industrial",
            "slug": "industrial"
        }
    },
    {
        "model": "products.size",
        "pk": 1,
        "fields": {
            "name": "m",
            "stock": 10
        }
    },
    {
        "model": "products.size",
        "pk": 2,
        "fields": {
            "name": "42",
            "stock": 34
        }
    },
    {
        "model": "products.size",
        "pk": 3,
        "fields": {
            "name": "M",
            "stock": 113
        }
    },
    {
        "model": "products.size",
        "pk": 4,
        "fields": {
            "name": "M",
            "stock": 113
        }
    },
    {
        "model": "products.size",
        "pk": 5,
        "fields": {
            "name": "M",
            "stock": 113
        }
    },
    {
        "model": "products.size",
        "pk": 6,
        "fields": {
            "name": "X",
            "stock": 549
        }
    },
    {
        "model": "products.size",
        "pk": 7,
        "fields": {
            "name": "X",
            "stock": 549
        }
    },
    {
        "model": "products.size",
        "pk": 8,
        "fields": {
            "name": "X",
            "stock": 549
        }
    },
    {
        "model": "products.size",
        "pk": 9,
        "fields": {
            "name": "X",
            "stock": 549
        }
    },
    {
        "model": "products.size",
        "pk": 10,
        "fields": {
            "name": "X",
            "stock": 549
        }
    },
    {
        "model": "products.size",
        "pk": 11,
        "fields": {
            "name": "X",
            "stock": 549
        }
    },
    {
        "model": "products.size",
        "pk": 12,
        "fields": {
            "name": "X",
            "stock": 549
        }
    },
    {
        "model": "products.size",
        "pk": 13,
        "fields": {
            "name": "X",
            "stock": 549
        }
    },
    {
        "model": "products.size",
        "pk": 14,
        "fields": {
            "name": "X",
            "stock": 549
        }
    },
    {
        "model": "products.size",
        "pk": 15,
        "fields": {
            "name": "X",
            "stock": 549
        }
    },
    {
        "model": "products.size",
        "pk": 16,
        "fields": {
            "name": "X",
            "stock": 549
        }
    },
    {
        "model": "products.size",
        "pk": 17,
        "fields": {
            "name": "X",
            "stock": 549
        }
    },
    {
        "model": "products.size",
        "pk": 18,
        "fields": {
            "name": "X",
            "stock": 549
        }
    },
    {
        "model": "products.size",
        "pk": 19,
        "fields": {
            "name": "X",
            "stock": 549
        }
    },
    {
        "model": "products.size",
        "pk": 20,
        "fields": {
            "name": "X",
            "stock": 549
        }
    },
    {
        "model": "products.size",
        "pk": 21,
        "fields": {
            "name": "X",
            "stock": 549
        }
    },
    {
        "model": "products.size",
        "pk": 22,
        "fields": {
            "name": "X",
            "stock": 549
        }
    },
    {
        "model": "products.size",
        "pk": 23,
        "fields": {
            "name": "X",
            "stock": 549
        }
    },
    {
        "model": "products.size",
        "pk": 24,
        "fields": {
            "name": "X",
            "stock": 549
        }
    },
    {
        "model": "products.size",
        "pk": 25,
        "fields": {
            "name": "X",
            "stock": 549
        }
    },
    {
        "model": "products.size",
        "pk": 26,
        "fields": {
            "name": "X",
            "stock": 549
        }
    },
    {
        "model": "products.size",
        "pk": 27,
        "fields": {
            "name": "X",
            "stock": 549
        }
    },
    {
        "model": "products.variation",
        "pk": 4,
        "fields": {
            "color": "Bisque",
            "products": 12,
            "image": "/pick/while.gif",
            "size": [
                1
            ]
        }
    },
    {
        "model": "products.variation",
        "pk": 5,
        "fields": {
            "color": "SlateBlue",
            "products": 4,
            "image": "/admit/include.jpg",
            "size": [
                1
            ]
        }
    },
    {
        "model": "products.variation",
        "pk": 6,
        "fields": {
            "color": "DarkBlue",
            "products": 5,
            "image": "/list/benefit.jpeg",
            "size": [
                1
            ]
        }
    },
    {
        "model": "products.variation",
        "pk": 7,
        "fields": {
            "color": "Red",
            "products": 11,
            "image": "/card/stop.gif",
            "size": [
                1
            ]
        }
    },
    {
        "model": "products.variation",
        "pk": 8,
        "fields": {
            "color": "PapayaWhip",
            "products": 13,
            "image": "/above/resource.gif",
            "size": [
                1
            ]
        }
    },
    {
        "model": "products.variation",
        "pk": 9,
        "fields": {
            "color": "white",
            "products": 6,
            "image": "/this/new.jpg",
            "size": [
                1
            ]
        }
    },
    {
        "model": "products.variation",
        "pk": 10,
        "fields": {
            "color": "Salmon",
            "products": 7,
            "image": "/likely/actually.tiff",
            "size": [
                1
            ]
        }
    },
    {
        "model": "products.variation",
        "pk": 11,
        "fields": {
            "color": "SkyBlue",
            "products": 8,
            "image": "/wait/describe.bmp",
            "size": [
                1
            ]
        }
    },
    {
        "model": "products.variation",
        "pk": 12,
        "fields": {
            "color": "MediumOrchid",
            "products": 9,
            "image": "/defense/conference.png",
            "size": [
                1
            ]
        }
    },
    {
        "model": "products.variation",
        "pk": 13,
        "fields": {
            "color": "Gray",
            "products": 10,
            "image": "/Democrat/others.tiff",
            "size": [
                1
            ]
        }
    },
    {
        "model": "products.variation",
        "pk": 15,
        "fields": {
            "color": "DarkGray",
            "products": 4,
            "image": "/guess/gun.gif",
            "size": [
                1
            ]
        }
    },
    {
        "model": "products.variation",
        "pk": 18,
        "fields": {
            "color": "OliveDrab",
            "products": 13,
            "image": "/local/authority.tiff",
            "size": [
                1
            ]
        }
    },
    {
        "model": "products.variation",
        "pk": 19,
        "fields": {
            "color": "LightGray",
            "products": 14,
            "image": "/hundred/its.bmp",
            "size": [
                1
            ]
        }
    },
    {
        "model": "products.variation",
        "pk": 20,
        "fields": {
            "color": "MediumBlue",
            "products": 15,
            "image": "/education/heavy.bmp",
            "size": [
                1
            ]
        }
    },
    {
        "model": "products.variation",
        "pk": 26,
        "fields": {
            "color": "Brown",
            "products": 16,
            "image": "/help/throw.tiff",
            "size": [
                27
            ]
        }
    },
    {
        "model": "products.variation",
        "pk": 27,
        "fields": {
            "color": "PowderBlue",
            "products": 17,
            "image": "/Democrat/fight.gif",
            "size": [
                1
            ]
        }
    },
    {
        "model": "products.variation",
        "pk": 28,
        "fields": {
            "color": "DarkMagenta",
            "products": 18,
            "image": "/ever/really.tiff",
            "size": [
                1
            ]
        }
    },
    {
        "model": "products.variation",
        "pk": 29,
        "fields": {
            "color": "Turquoise",
            "products": 19,
            "image": "/own/have.jpeg",
            "size": [
                1
            ]
        }
    },
    {
        "model": "products.variation",
        "pk": 31,
        "fields": {
            "color": "White",
            "products": 21,
            "image": "/network/service.bmp",
            "size": [
                15
            ]
        }
    },
    {
        "model": "products.variation",
        "pk": 32,
        "fields": {
            "color": "Black",
            "products": 22,
            "image": "media/assets/img/product/fashion/Adidas_tkgpdz",
            "size": [
                4
            ]
        }
    },
    {
        "model": "products.variation",
        "pk": 33,
        "fields": {
            "color": "Tan",
            "products": 23,
            "image": "/machine/Republican.jpg",
            "size": [
                5
            ]
        }
    },
    {
        "model": "products.variation",
        "pk": 34,
        "fields": {
            "color": "Black",
            "products": 22,
            "image": "media/assets/img/product/fashion/Adidas_tweabi",
            "size": [
                10
            ]
        }
    },
    {
        "model": "products.variation",
        "pk": 35,
        "fields": {
            "color": "White",
            "products": 20,
            "image": "media/assets/img/product/fashion/1_6_nv6fgl",
            "size": [
                3
            ]
        }
    },
    {
        "model": "products.variation",
        "pk": 36,
        "fields": {
            "color": "Cream",
            "products": 20,
            "image": "media/assets/img/product/fashion/1_7_dx56di",
            "size": [
                2
            ]
        }
    },
    {
        "model": "products.image",
        "pk": 6,
        "fields": {
            "products": 12,
            "image": "media/assets/img/product/fashion/1_sbghhw"
        }
    },
    {
        "model": "products.image",
        "pk": 7,
        "fields": {
            "products": 4,
            "image": "media/assets/img/product/fashion/9_uvt3mq"
        }
    },
    {
        "model": "products.image",
        "pk": 8,
        "fields": {
            "products": 5,
            "image": "media/assets/img/product/fashion/wwatch_va7koc"
        }
    },
    {
        "model": "products.image",
        "pk": 9,
        "fields": {
            "products": 11,
            "image": "media/assets/img/product/fashion/soap_cp9eum"
        }
    },
    {
        "model": "products.image",
        "pk": 10,
        "fields": {
            "products": 13,
            "image": "media/assets/img/product/fashion/watche_zxbqij"
        }
    },
    {
        "model": "products.image",
        "pk": 11,
        "fields": {
            "products": 6,
            "image": "media/assets/img/product/fashion/shoes_orauc9"
        }
    },
    {
        "model": "products.image",
        "pk": 12,
        "fields": {
            "products": 7,
            "image": "media/assets/img/product/fashion/chair_lqngz7"
        }
    },
    {
        "model": "products.image",
        "pk": 13,
        "fields": {
            "products": 8,
            "image": "media/assets/img/product/fashion/blender_arebw3"
        }
    },
    {
        "model": "products.image",
        "pk": 14,
        "fields": {
            "products": 9,
            "image": "media/assets/img/product/fashion/sunglasses_ykc3qy"
        }
    },
    {
        "model": "products.image",
        "pk": 15,
        "fields": {
            "products": 10,
            "image": "media/assets/img/product/fashion/1_2_xel1df"
        }
    },
    {
        "model": "products.image",
        "pk": 17,
        "fields": {
            "products": 4,
            "image": "media/assets/img/product/fashion/5_ju9drm"
        }
    },
    {
        "model": "products.image",
        "pk": 20,
        "fields": {
            "products": 13,
            "image": "media/assets/img/product/fashion/watche_vvxf6p"
        }
    },
    {
        "model": "products.image",
        "pk": 21,
        "fields": {
            "products": 14,
            "image": "media/assets/img/product/fashion/1_1_t5lcwz"
        }
    },
    {
        "model": "products.image",
        "pk": 22,
        "fields": {
            "products": 15,
            "image": "media/assets/img/product/fashion/A20173b899a19476ab5544466d07f2652n.jpg_120x120.jpg__ryoj2y"
        }
    },
    {
        "model": "products.image",
        "pk": 27,
        "fields": {
            "products": 10,
            "image": "media/assets/img/product/fashion/1_2_vtdfya"
        }
    },
    {
        "model": "products.image",
        "pk": 28,
        "fields": {
            "products": 16,
            "image": "media/assets/img/product/fashion/rustictable_af2sel"
        }
    },
    {
        "model": "products.image",
        "pk": 29,
        "fields": {
            "products": 17,
            "image": "media/assets/img/product/fashion/1_3_ggmhd6"
        }
    },
    {
        "model": "products.image",
        "pk": 30,
        "fields": {
            "products": 18,
            "image": "media/assets/img/product/fashion/1_4_wpkosn"
        }
    },
    {
        "model": "products.image",
        "pk": 31,
        "fields": {
            "products": 19,
            "image": "media/assets/img/product/fashion/1_5_vbaixr"
        }
    },
    {
        "model": "products.image",
        "pk": 32,
        "fields": {
            "products": 20,
            "image": "media/assets/img/product/fashion/1_6_x50iyi"
        }
    },
    {
        "model": "products.image",
        "pk": 33,
        "fields": {
            "products": 21,
            "image": "media/assets/img/product/fashion/unbrandedsoap_t46icf"
        }
    },
    {
        "model": "products.image",
        "pk": 34,
        "fields": {
            "products": 22,
            "image": "media/assets/img/product/fashion/Adidas_pnro6j"
        }
    },
    {
        "model": "products.image",
        "pk": 35,
        "fields": {
            "products": 23,
            "image": "media/assets/img/product/fashion/ball_atriig"
        }
    },
    {
        "model": "products.product",
        "pk": 4,
        "fields": {
            "sku": "6483011312272",
            "name": "Female top",
            "price": "35.00",
            "stripe_price": "price_1PWL6g2MhBsxnjfBnx40tgaF",
            "discount": "0.00",
            "offer_end": "2024-07-06T22:22:36Z",
            "is_new": true,
            "rating": 4,
            "sale_count": 154,
            "short_description": "Ability act message. Wind know plan mean maintain interest. Receive develop none. Trade impact no point when consumer. Talk mother wonder do enter. Include participant case positive including guess purpose. Add rest skin. Ground road serious him situation. Consumer everybody idea me thousand. Of stage type campaign. Get eat marriage second item many thing. Course fish level what forget easy important production. Candidate shoulder start society common. Hit federal range instead. During treat discussion store particularly project late science. Late onto street teacher effort. Voice within use poor quality. Card purpose medical down. Street year beat involve artist. Two threat final water back film. Short he simply drive. Yeah once free soldier able bad. Herself for whose make according garden hard. Southern large state far. Yet work cover everything treat true. Get statement suffer nature. Baby second baby reach born. Message yet east professional each do how. What east reality protect among. Daughter past card paper develop whom carry. During employee course. Safe else loss wide after. Each young leg behind conference analysis. Life now pass describe move thus. Probably partner goal design call series political. Next standard establish speech skill young education. Wear television site process us too southern. While visit use performance quite system chair area. Entire expert consumer professional western. Hand American we skill attention push. Always thus memory same show case. Few court one picture all. Than central American hand culture financial sense. Enough example myself recent task series. Artist source argue head watch now movie. Past deal Mr office magazine. Buy and strategy save. Area also miss. Indicate practice share develop notice. Company budget middle return. Appear some same rich rate subject ever. Either detail position ok. Behind animal approach fall guy into run. Budget church defense themselves. Project manager good special I. Cause want in tax dream television weight. Among job until center. Appear property rather customer. Whom begin lay near interest Republican.",
            "full_description": "Family case community room experience much pick nice. Drive indicate box. Crime management dream seem. Foreign situation reveal just interest voice author staff. Cup dinner inside physical. Center Mrs listen south up. Create several doctor culture environment everything base. Computer decide draw character share. Star along could conference audience. Necessary soldier catch change. International wait different popular although. Exactly specific off value. Song floor test whole class protect. Owner energy create police author leader paper which. Page material professor race form media reduce. Article six modern budget small baby watch. Green six leader move. Place performance lawyer security there. Where reality friend community large leader big. Voice family position pressure two or. Account interest skill alone various shake. Many season expert guess. Myself when suffer realize mouth. Budget key focus ago cold performance. North mouth believe. One community begin professor relationship moment system. Officer pressure yes allow data chair. Add fire audience source soon spend reveal. Single order social others number. Simple sign book boy cultural. Total name dinner success generation last. A ok analysis whom must. Address see well top beyond office image. On available parent sometimes. Guess economy couple fly. Recent loss six per remain stand. Design big dark play whole week garden. Both employee scientist hit system. Medical power decade Republican. Act full deep key finish. Thought total hold nothing training American and. Door red part purpose sometimes drop. Operation fact model. Both travel including glass yard. Strategy even move tree beautiful foot message. Film throw future million movie it note. Sport television under perhaps woman hospital candidate. Laugh age serious room middle important. Food bed Congress bit. Account bit exist very camera. Build conference outside perform speak hundred. Fly total benefit place truth. Live sign season ability else business yet surface. Throughout growth development half wonder find whatever financial. Administration decade network strategy right shoulder material. Which space meet news. Your red report they. Leg fall house. Rate entire back either technology in. Party it down. Evidence seek year experience trade. Herself treatment good something visit his coach station. Sort despite ten treat operation stuff. Pass western arm raise edge to imagine.",
            "slug": "generic-shoes",
            "is_active": true,
            "category": [
                1,
                11
            ],
            "tag": [
                1,
                2,
                6
            ]
        }
    },
    {
        "model": "products.product",
        "pk": 5,
        "fields": {
            "sku": "3063239223395",
            "name": "Wrist watch",
            "price": "52.00",
            "stripe_price": "price_1PXTaD2MhBsxnjfBqLMFgOz0",
            "discount": "0.00",
            "offer_end": "2024-07-06T22:22:37Z",
            "is_new": true,
            "rating": 5,
            "sale_count": 423,
            "short_description": "Together draw wrong financial magazine national. Model consider fear look maintain upon meet. International decade ground spend wife approach drug hear. Cost outside until those yeah. Task treatment matter seem doctor appear. Charge process protect sound politics Mr action laugh. Throw brother her participant exist dog. Daughter unit service action successful. Nothing rest identify crime me still try project. Cell fill ready leave approach leave career. Money feel doctor station. Home truth rise around civil very.",
            "full_description": "Over second direction wonder. Cover truth however feel away eye. Enter begin figure oil then situation. Computer writer bar necessary view long can however. Give hot far look prevent. Impact pretty say experience. In as its reflect simply else seven economic. Eye impact nature central face administration. Everyone social raise article national laugh choice. My sing number present. Home key employee as often say while. Month those himself threat across relationship current. Understand quickly not politics. Care price paper positive. Authority decade public base single. College under result heart. Loss receive daughter or executive responsibility girl. Car ready like foot million level. Lay physical college own stop us. Start star source fight individual animal sign. Question hospital opportunity number. Face southern air him like positive school. Subject spend box relationship. Everybody way with clearly. Measure surface me. Themselves whether technology member four always. Unit feeling gas. Whatever authority instead left until treatment crime. Leader free nothing. Three difference build. Remain him ready product with training enter. Attorney political room break process. Help customer radio administration value natural thank effect. Institution stay local success project pressure. Anything spring region body stuff clearly. Themselves floor improve sing situation blood by. Company hope thus foot fear argue nearly. Stock husband bed case despite good assume standard. Might contain go positive. Probably health rock finally trouble owner. Material rest if just suggest thousand. Forget meet live ago half. Join director instead yard. Reality expert think. Notice TV real describe western. Tend rather hour set. Best establish from most wait other involve. Gas bring pressure friend good. Hour south store apply. Skin care know scientist level who base. Same Mrs tax name computer produce return. Whatever own budget guy. Mother article way forget member statement face rise. His accept Democrat team field. Top we focus behind weight attorney. Suggest major court page form artist. Question body some quite. Apply condition begin produce state large. Inside cut lose son decade. Fish official human account again everyone early. Do win by necessary Democrat sign. Continue do company theory return role. Five material activity read third owner how. Model bed anyone performance religious. That work drug consider. Most parent it above notice whether seek. Cup total through black news. Indeed open ago set simply hand. Truth generation recent sea kitchen possible. Over interesting by public. Your cause store north expect. Need policy officer draw plant. Be give community century quality. Office green available guy answer new. Employee or green all together structure. Everything people suggest line official like last. Detail always model push full. Soon sort environment music only find he almost. Policy simply thousand forward society before. Ability have relationship certainly. Population former show act room trade. Consider time to. Fall other respond all seat there make. Box use society organization. Notice happy Republican check leg. Research travel hope. On mission evidence good. Discussion thank since continue pass. Political piece leader provide simply from spring. Radio less back group about question. Daughter world father somebody. Defense sense the now guess. Series big leader month. Cause scientist ever. Structure visit maybe quite yes look. Adult cell enter team computer. Often huge region turn all once agency. Common can by or yet look beat. Road if add exactly long push American. Seven college agreement travel range hot. Push responsibility point most open then and. Least against who stuff investment successful such. Middle father notice these matter. Move day whether every section. Mean reason war forget. Writer play put character. Look our skill financial main water national defense. Shake plant several foreign. Marriage career necessary produce with. Also economy church individual wind. Past eight sense between. Enough drive much news number. Part between husband happy man against race. Can government decide officer produce store medical result. Commercial network although leg. Film provide walk crime. Story protect play always million phone notice expect. Evidence million board. Culture local you significant question central medical. Raise these natural join.",
            "slug": "generic-fish",
            "is_active": true,
            "category": [
                1,
                19
            ],
            "tag": [
                1,
                2,
                20
            ]
        }
    },
    {
        "model": "products.product",
        "pk": 6,
        "fields": {
            "sku": "7339898511996",
            "name": "Cover shoe",
            "price": "32.00",
            "stripe_price": "price_1PXTde2MhBsxnjfBstBwbMUx",
            "discount": "0.00",
            "offer_end": "2024-07-06T22:22:38Z",
            "is_new": false,
            "rating": 4,
            "sale_count": 233,
            "short_description": "Action everything kitchen. Can hold around mind outside government. Commercial place field area guy store huge. Believe soldier city morning lawyer name opportunity. Lead guess Mrs nature head entire budget themselves. Rest face again environment notice house. Ok individual decision step student. Happen develop less whether staff.",
            "full_description": "Industry positive top history home phone decide. Stay show listen among. Young course involve service suddenly military myself. Want what attack newspaper. At than eight. Travel herself many politics specific hotel election. Visit open hit rate former. Number rich party administration year others continue step. Mrs common difference go up plant activity. Media contain half central inside finally. Attack father job reality program wonder. Book thing almost friend himself. Full quality rise song enjoy fly sister. Build end similar similar draw through eye. Mouth decision several number herself deal. Pattern tend low someone. Large himself sometimes beat much. Western lay worry energy agent later capital. Manage black film wife collection floor only toward. Question good painting prove join yes example. Determine country many election create trade government. Shoulder environmental the. Real open social certainly strategy who. East group local have eat building. Prevent chance exactly start. Color recently of top manage. Thing before right seat his gas. Over gun do always office. Them area people join they speak. Offer eat drive day mission commercial seek. Happen enter method so this. Edge keep herself cost sister himself left not. Show central dream politics. Responsibility him knowledge be. Side rate discussion or. Per international high seven. Next mention character with no family. Task popular no you think lose wait him. Whose rest threat parent popular. Field impact door mouth here instead. Hold share question join stay general claim. Across imagine yeah official to size. Plant idea simple nation fly. Their reality concern hundred cost man. Be all entire edge purpose determine. It fight late campaign. Baby agency structure cut according couple. Animal loss shoulder section majority across matter. Speak suggest onto. Detail spend easy may above serious. Stay best street carry everyone sit. Member south decision everyone build. Unit seat wide day second idea sign bill. Base media here. Positive realize TV window which them imagine. Wait finally position. Fish less then quite half shoulder. Question service per. Sort hear government compare. Type brother mouth with structure catch become. Child name employee direction. New company tonight tree arrive group this. Fish high yet dinner point capital dark. Or camera democratic lot stand provide race. Her my natural central toward when. Accept western kitchen production every little would. Pressure similar change rise customer civil dog discuss. Fight decade exactly practice woman. Own from may compare subject interview. Write operation decision. Language keep role Congress charge situation throw middle. Population commercial animal those have. Clearly role foreign say issue rise should. After teach play set much husband prepare theory. Approach will claim response design. Heavy agent raise hold grow exactly number. Deep wear make begin yard impact where consumer. Some serve set quickly child. Support behavior toward above generation yes through. Create want officer develop hot probably bag. Magazine difference cell visit address simply media rich. Free property check chance write. Character plant show table nature project shake success. Nation important artist rock then. Several vote body. Light ever particularly become product affect.",
            "slug": "sleek-tuna",
            "is_active": true,
            "category": [
                2,
                23
            ],
            "tag": [
                1
            ]
        }
    },
    {
        "model": "products.product",
        "pk": 7,
        "fields": {
            "sku": "1107949483891",
            "name": "Couch Chair",
            "price": "143.00",
            "stripe_price": "price_1PXTeV2MhBsxnjfBTuz3mbbH",
            "discount": "0.00",
            "offer_end": "2024-07-06T22:22:39Z",
            "is_new": true,
            "rating": 5,
            "sale_count": 450,
            "short_description": "And above purpose last ball bad turn camera. Than rich big along medical. Nearly different hope race big power. Movie its leg election black. Left serious allow friend common reason. Manage sort design officer stay. Story three performance investment pay experience citizen. Remain cultural huge partner reflect to more real. It agent example girl to. Drive bad kid must. Marriage news per sign clear buy. Him yard cultural page indicate summer amount.",
            "full_description": "Recently really assume service present the. Stop air group cultural. Once foot occur. Answer best Mrs imagine party base material. Stock own me figure product plant ball. Question trouble by door. Soon from once discussion always wife. Seat course fill term difference industry. Society church music management step will. Identify everyone seat drug others staff hold. Second hot daughter. Prevent create explain small instead fund second less. Type sit know vote. Next brother commercial friend card stay debate when. Impact evening white at term order into window. Street deep another rise. Yourself sign network per stop development. Everything husband plant general. Act attorney happen peace. Meeting money I buy world deal. Fear guy while stage unit around involve. Back possible adult anyone little anyone fast. Store step bring black. Leader fly myself group health court. Green hard event despite party myself truth. Sell think instead significant fall how. Data civil prepare as thing however. Party tax worker plan. Level both sometimes mother same room environment. Star next simply process either natural. Price both social move. Always he cause require how general. Same term far letter quite authority. International structure catch life. Skill term radio notice. Visit American prepare lawyer. Child lead something home material beyond. Today really page. Want note report. Player safe message later pass big. Worker would increase girl. News anything air doctor. Six until trip there ask mean. Image technology for ball form forward perform. Measure the teach general plant. Particularly get worker once. Fly take up where feeling. Not someone indicate traditional develop cold. Here national establish usually everything process state. Hospital commercial consider home hit data. Security vote civil there city again. Against financial practice financial. Brother professional growth condition drive election. Which until husband western. New people face. You too somebody against big sit middle. Control purpose fund explain PM. Teach reduce happen daughter. True ago child door thousand lawyer. Director third fast need development director door. Buy fly focus rate learn more. Should brother manage win quickly through adult fact. Long sure discuss good somebody sell long. School meeting door door can month.",
            "slug": "gorgeous-gloves",
            "is_active": true,
            "category": [
                8
            ],
            "tag": [
                9
            ]
        }
    },
    {
        "model": "products.product",
        "pk": 8,
        "fields": {
            "sku": "4897494238509",
            "name": "Speaker",
            "price": "1000.00",
            "stripe_price": "price_1PXTf42MhBsxnjfBEyQ4OsBl",
            "discount": "50.00",
            "offer_end": "2024-07-06T22:22:41Z",
            "is_new": true,
            "rating": 4,
            "sale_count": 554,
            "short_description": "Open five apply leader. Hour peace north guy large. Land there trade book director with listen grow. Support fall hand story wife expert seat after. Front participant subject. Simply financial will school project choose. Before manage real brother range interest. Civil create game ground total. Contain model there blue out politics. Information agent nor heavy already.",
            "full_description": "Follow skin occur. Dog increase politics crime. Two billion deal relate behind find organization. Life page drop less stand report. Pretty size effort box nice performance theory. Result energy go determine anyone. Manage those more. Better half baby general. Stuff director spring late seek argue consumer others. Specific maybe every hit newspaper. Economy note today which. Thank begin sport woman effect house remain. Citizen husband toward away. Table difference town. Prevent financial school major picture. Total whole same fact window evidence economic. Reduce every bring try behavior. Hard establish treatment street. Later perhaps since building involve guess hour. Conference mean them son four series. Scene economy fact responsibility. Maintain memory skin human agent skin put everyone. Sort newspaper final. Have mission entire interesting local none green. Not name should quickly thing health guy. Property name go every chair. Car particularly too high threat become remain. Decade north happy throughout. Hard head magazine hot current. Large campaign decade must. Late social east manage. Foreign painting also treatment forget be change even. Very take budget least place study. Close view hot medical reality six imagine just. About stage have. Me raise value camera amount. Collection Democrat best future run believe contain. Keep learn general blood establish anything pretty. Suggest together seat give both public yet. Per focus letter leg country past manage. Action knowledge writer conference benefit toward. Attention pay study my. Professional level probably nation involve participant none. Career stop happen compare he while. Figure record week affect born PM goal. Student money least before result. Institution contain theory forget apply. Medical three green compare believe company. Summer training middle. However staff concern ask. See ever world resource no yet red. Find education simply seven cut them. Your order guess activity. Reflect color more often. In natural base international and positive society organization. Stuff test win cell country kitchen democratic. Similar attention federal space one friend. Visit art financial law expect clearly government. Art up police field laugh month poor woman. Summer everything second one stock last recognize. Experience try positive meet more same. Sister husband trouble. Garden put wonder people part find. Series plan fall security. Nation father capital no. Least idea either hope within size. Second stock his strategy. End two act stuff process. Material pattern which example. Would seven collection interest feeling whether benefit. Against easy half property these. Professional policy life important with. Car home team shake rather everything accept. Feel red say how coach prepare. If appear method director president director first. Nature ten those read language fight us. Follow from skill suffer nation simple. World sport physical city. Sell car respond voice guy trade. Own class security avoid late. Future itself put child teacher. Room resource listen air manager throw mother. Member item billion lose quality popular method. Effect appear machine two crime line vote option. Public foot box for range. Term around card sense according indicate financial. Section generation group choose some.",
            "slug": "for-repair-pizza",
            "is_active": true,
            "category": [
                6
            ],
            "tag": [
                1,
                8
            ]
        }
    },
    {
        "model": "products.product",
        "pk": 9,
        "fields": {
            "sku": "5321528158291",
            "name": "Sun glasses",
            "price": "50.00",
            "stripe_price": "price_1PZiDD2MhBsxnjfBcnYtixLF",
            "discount": "0.00",
            "offer_end": "2024-07-06T22:22:42Z",
            "is_new": false,
            "rating": 4,
            "sale_count": 72,
            "short_description": "Mission huge experience wear maybe energy specific. Deal deep anything force activity. Find choose hundred reason. Agree tax care need what company. Contain data sound I process another then heavy. Project answer remain.",
            "full_description": "Central speech whether be compare. Fall together team enough weight. Get yes doctor though. Bill discover least. Strong economic black. Community try late resource under keep say. Clear professor million eye own. Would ago head ever whole yeah. Almost owner allow wait national. Condition offer magazine environmental effort paper size. Indicate under long Mrs first. Outside more tonight. Draw ever specific already green government. Garden fill artist whom clearly. Strategy meeting though anything move never. Brother myself arm history girl. Necessary reason protect statement. What might difficult fear few them community. Argue carry think television clear network church. Space spend nation impact. Push ground but voice policy focus card. Blue message he heavy think somebody near. Crime financial fund Mrs amount better. Figure many ok improve understand evening. Door identify station food send talk. Describe show force single lose strong pick force. Mouth area west for under order. Drive source happen what interest heart sense. Director assume which job. Return security material medical unit left. Book again man unit newspaper enough culture. While physical customer right letter event factor. Parent some near pattern else. Star room especially garden relate way north. Gas administration then call. Free success whether chance against. Realize and training player nothing. Could letter name nearly institution. Whatever investment assume particularly action sea who. Discover near may ground determine likely national. Wife father lead media campaign fast early often. Two table yourself that event class better. Cut fear national find American without. One western where. Sure worker car cut value office. Paper interview will he chance. Push me manager mean. Tough drive style safe Congress development face. Opportunity move message might yard most it present. Through position officer true. Person edge Mrs. Form today degree war sea drug detail realize. Leave health oil fear admit group commercial. Security reduce next take finally determine. Son soon drop but produce. Development when wrong. Treat simple likely. Thank imagine foot close surface probably up. Society interesting result close parent suffer positive food. Industry line behavior trip military every partner. Upon soon few experience daughter. Beyond character plan let. Stand citizen major use summer. Arrive seven approach face involve tend eye. Lose personal even different few actually. Fund trial single chance town. Itself stand responsibility speak author much. Work by field couple drop institution. Character growth send drug husband. President give thank road. Institution world defense should west tree. Summer sister west fill upon in politics. Bad the resource add matter. Clear something best opportunity no during. Education four that. Share provide himself wind. Professor eat catch law like billion. Difference either director not another. Owner suggest structure never development agree sit. In service our particular. Without agency others forget employee morning. Place type city study she who. From able member whether beyond apply several. Imagine analysis fight close participant ok. Difference reach small project. Language moment herself million tend western. Level successful cost time. Half the this let. Help serious leg minute recognize. National data half ok change stay their. Table care western push after. Total account manage human determine physical. Admit color magazine he this. Important manage threat threat week must together mind. Assume eat cut. Get some set success. Table amount everything enter born. Place hotel book anyone shake with resource nothing. Value coach street wide. Use offer into perhaps budget ahead bar. Talk hotel report participant. And send call on south Democrat shoulder. Sing type development. Two kid relationship send himself word population. Institution like after short ask. Style side stage some whose star. Finish computer nice black evening. Issue begin education parent. Republican conference stuff modern both professional condition. Item likely conference interest even. Mind certainly remember southern top. Special wrong response yeah for natural. Parent fish morning although without. Civil middle high include recent that. Nor national team explain. Join live perform wide. View mother might name leave. Traditional condition truth language stop camera fill. Serious heavy water compare wear pick. Respond check pick worry tonight. Its man increase interesting these TV. Natural gun exactly election. Cold talk of support central white career. Call good top pressure Democrat certainly price art. Expert fact who with want single. Present eye more team. Somebody get quite long magazine relationship. Nor national act certainly land growth. Beat face standard view doctor. Concern even beyond sea eat evidence maybe. Weight at part subject beyond rest. Painting statement the fire seek. Book financial movie couple determine. Line brother or impact. Economic culture design Congress. Specific reality nearly look nice out politics social. Early describe guess step.",
            "slug": "gorgeous-bacon",
            "is_active": true,
            "category": [
                1
            ],
            "tag": [
                1,
                19
            ]
        }
    },
    {
        "model": "products.product",
        "pk": 10,
        "fields": {
            "sku": "0285216363501",
            "name": "Multifocal Reading Glasses Far And Near",
            "price": "147.00",
            "stripe_price": "price_1Pb8wt2MhBsxnjfBT5ZP3SJv",
            "discount": "2.00",
            "offer_end": "2024-07-06T22:22:43Z",
            "is_new": false,
            "rating": 5,
            "sale_count": 267,
            "short_description": "Product Description\r\n\r\nSpecifications:\r\n\r\nMaterial:\r\n\r\nFrame Material: PC\r\n\r\nLens Material: Resin\r\n\r\nSize:\r\n\r\nFrame Width:141mm Lens Width: 56mm Lens Height: 40mm Bridge Width:18mm Leg Length:146mm",
            "full_description": "Product Description\r\n\r\nSpecifications:\r\n\r\nMaterial:\r\n\r\nFrame Material: PC\r\n\r\nLens Material: Resin\r\n\r\nSize:\r\n\r\nFrame Width:141mm Lens Width: 56mm Lens Height: 40mm Bridge Width:18mm Leg Length:146mm\r\n\r\nWeight20g\r\n\r\nPackage Includes:\r\n\r\n1 x Glaes\r\n\r\nNote: The data are all measured by hand, there may be an error of 1-3mm, please understand",
            "slug": "multifocal-reading-glasses-far-and-near",
            "is_active": true,
            "category": [
                1
            ],
            "tag": [
                1
            ]
        }
    },
    {
        "model": "products.product",
        "pk": 11,
        "fields": {
            "sku": "0282133002896",
            "name": "Incredible Soap",
            "price": "119.00",
            "stripe_price": "price_1PZiHd2MhBsxnjfBMvxtPFJj",
            "discount": "5.00",
            "offer_end": "2024-07-06T22:22:44Z",
            "is_new": false,
            "rating": 4,
            "sale_count": 583,
            "short_description": "Exist back out land prevent political. Science material church heavy. Bit win voice early billion modern play. Seven another base dream her thought. Technology kitchen put make son price. Six reach white foot important which. Up rich class put off none. Certainly question couple instead listen. Artist car life talk onto. Attack color spend woman story total. Individual let trade expect hand. Perform strong which make around. Dinner manage yourself somebody. Let good weight card. Tough sing record country. Thing likely drop north organization. Magazine focus day assume campaign total. Cut whom why field court. Social mother assume maybe. Star budget official often even dark must stage. Popular who car purpose either. Both year black those. Everybody base item. Factor clear name idea stop goal. Professional general performance. Ability behind note modern teach. Step sometimes cut dark eat. Wrong tax author ok field. Call imagine nature return tonight. Argue draw education customer step. Choose control everything start truth left white. Big agreement executive office.",
            "full_description": "Pull avoid author factor left bit local. Like material choose consumer. For Mr machine political since. Various important piece mother. Trial pick reason do area effect. After five him dream. Scene room end news. Upon check college professor become according. When boy decade deep. Away hand so ahead key describe. Ok camera color bill key. Big instead near Republican us degree father whom. Anything heavy leave my high country. Fill consumer he impact energy receive act. Indeed condition I speak exactly. Along stock improve side image whole table. Throughout remain assume across. Executive writer character represent interesting participant later whole. Indeed opportunity attention collection less key. No hope stop skin. Current city economic race age. Lawyer citizen with around necessary beyond stage. Close feel everything miss very red. Stand beautiful bring the. Stock radio fill there hot unit no. Fact relate only son down eight either adult. Dark they high mean management. Parent meeting who test image before official reflect. Perhaps might become exactly them he big dark. Prove specific member outside require crime officer. Several future many improve maybe should teacher. Democratic like present. Road trip job PM morning. Case yourself ever technology establish world son. Behind per road wind season choice experience Mrs. Under best artist. Dark people science end last history ask. Computer station actually court art. View grow pretty debate interesting able. Crime present well first which. Box kid tell inside nothing property. School become doctor fly offer. Choose computer structure current wonder east. Author out exist person because and shoulder. Democrat might chance best. These mention view him current trade. Doctor than decision discuss. Into including owner maintain assume. Unit moment hotel change future. Action building more product perhaps stay subject project. Fire one ball professor eye standard reason. Hand control I through successful spring cover sell. Later data artist process. Prove only family full. Party far politics soon. Majority peace political business eye yes. Health quickly range trouble. Professional everything nice reason surface traditional per. Nature trial especially air. Agree better difficult ready. Glass explain audience receive by pressure old trouble. Light five focus you. On mother somebody down station again TV. Thank president guy dream catch find example. Training detail result national serve. Common amount break whose special manager fill. Your whom real money owner. Response interview few newspaper side garden dream. Physical leader fall economic base magazine include number. Baby all black bill. Think strong fact my. You whose nothing near election college none. Consumer serious charge plan. Home prevent whether health man oil. Letter population home direction window. Various plant young improve never. Book party vote bring. Use word friend line less. Bar size hundred task have. Far person worry again late policy pressure. Area south middle interesting receive. Soldier push right fear give quickly. Keep great now individual. Movie single beyond yard Democrat true forget region. Single somebody short become few look small stage. Media owner get water bar. Yard score western animal base name cost. Represent impact treatment establish. Group nearly road good way. Teacher gas place finally theory mother American. Congress without arm. Color community reduce language item. Weight industry sea administration act. Response live produce address statement. Soon country wish would soldier no idea hit. Thus sort probably operation phone trial threat nothing. That member former though read. Material themselves professional among exactly long. Never ball our score sure finish life. Especially ever just. Less executive job ahead speech. Order close while yard area fine really. While baby suddenly. Change huge policy. Until employee room think window prevent seven. They let music something material. Catch here single head. Government growth easy name.",
            "slug": "incredible-soap",
            "is_active": true,
            "category": [
                16
            ],
            "tag": [
                1,
                7
            ]
        }
    },
    {
        "model": "products.product",
        "pk": 12,
        "fields": {
            "sku": "0612522594044",
            "name": "Danami Grace Fortified Hooded Short Gown- Pink",
            "price": "181.00",
            "stripe_price": "price_1Pb8p92MhBsxnjfBIo4NNX8i",
            "discount": "3.00",
            "offer_end": "2024-07-06T22:22:46Z",
            "is_new": true,
            "rating": 4,
            "sale_count": 119,
            "short_description": "A nice simple dress with beautiful GRACE FORTFIED print for the fashionable lady. it is made with smooth quality black cotton.\r\n\r\nPlease check our store for more designs and colours",
            "full_description": "A nice simple dress with beautiful GRACE FORTFIED print for the fashionable lady. it is made with smooth quality black cotton.\r\n\r\nPlease check our store for more designs and colours",
            "slug": "danami-grace-fortified-hooded-short-gown-pink",
            "is_active": true,
            "category": [
                1
            ],
            "tag": [
                1,
                14
            ]
        }
    },
    {
        "model": "products.product",
        "pk": 13,
        "fields": {
            "sku": "2742669215187",
            "name": "Men's Watch",
            "price": "172.00",
            "stripe_price": "price_1Pb8dd2MhBsxnjfBRAHocN00",
            "discount": "27.00",
            "offer_end": "2024-07-06T22:22:47Z",
            "is_new": false,
            "rating": 4,
            "sale_count": 348,
            "short_description": "Men's Watch Fashion Sports Electronic Wristwatch Large dial Multifunctional Waterproof Luminous Alarm Kids Male's Military Watch",
            "full_description": "Men's Watch Fashion Sports Electronic Wristwatch Large dial Multifunctional Waterproof Luminous Alarm Kids Male's Military Watch\r\nProduct selling point\r\n\r\n--Digital Watch Design: Fashionable sport dial design for men/women/student, sport style outlook. Large Dial and numbers with light, show time clear in the dark. Use EL Lamp, Press \"LIGHT\" button to see the time clearly in the light.\r\n\r\n--Precise Time Keeping: Original Movement, provide precise and accurate time keeping for kids. The battery which can provide the sport watch strong power. Watch time is super easy to read with high transparency resin watches face and clear digital dial.\r\n\r\n--Reliable Material:Silicone rubber watch band with the sport design make it comfortable to wear and lead kids to the edge of fashion. This Colorful digital LED electrical luminescent waterproof watch is very suitable for girls or boys outdoor play.\r\n\r\n--Multi-function: Waterproof,Luminous,display time,stopwatch,back light,Display the date,Display week,Timing alarm clock,12/24 hourly,shock resistant,\r\n\r\n--Fashion style, the multi-function design,Exquisite workmanship,A not to be missed watch,Worth to get it and the best choice for gifts\r\n\r\n\r\n\r\n\r\n\r\nSpecial functions:\r\n\r\nBrand: YIKAZE\r\n\r\nDisplay type: Digital\r\n\r\nApplicable people: men/boys/student\r\n\r\nWaterproof performance: 30M (waterproof for life, not for bathing or swimming)\r\n\r\nMovement type: electronic\r\n\r\nDial diameter: 55MM\r\n\r\nMirror material: acrylic mirror\r\n\r\nBuckle material: stainless steel\r\n\r\nStrap material: silicone\r\n\r\nSize and Weight\r\n\r\nStrap length: 250MM\r\n\r\nStrap width: 22MM\r\n\r\nDial thickness: 18MM\r\n\r\nPackage include:\r\n\r\n1X watch\r\n\r\n(life waterproof )only can splash a little water,can not be washed or in bathing,swimming,diving.",
            "slug": "mens-watch",
            "is_active": true,
            "category": [
                1
            ],
            "tag": [
                1,
                2
            ]
        }
    },
    {
        "model": "products.product",
        "pk": 14,
        "fields": {
            "sku": "7674810971961",
            "name": "Danami Blue & White Dyed Hoodie Gown Dress",
            "price": "66.00",
            "stripe_price": "price_1Pb8rv2MhBsxnjfB1Sqh4M3B",
            "discount": "5.00",
            "offer_end": "2024-07-06T22:23:43Z",
            "is_new": true,
            "rating": 5,
            "sale_count": 594,
            "short_description": "Made of fine smooth cotton. The Hoodie Dress is ultra-breathable and irresistibly soft to the touch. Dress it up with a tall boot or keep it casual with a pair of sneakers. A premium hoodie in dress form. \r\nStraight-up comfy from your Nigeria's trusted brand,",
            "full_description": "Made of fine smooth cotton. The Hoodie Dress is ultra-breathable and irresistibly soft to the touch. Dress it up with a tall boot or keep it casual with a pair of sneakers. A premium hoodie in dress form. \r\nStraight-up comfy from your Nigeria's trusted brand,",
            "slug": "danami-blue-white-dyed-hoodie-gown-dress",
            "is_active": true,
            "category": [
                1
            ],
            "tag": [
                1,
                22
            ]
        }
    },
    {
        "model": "products.product",
        "pk": 15,
        "fields": {
            "sku": "9212963783451",
            "name": "NORTH EDGE ALPS Men's Digital",
            "price": "158.00",
            "stripe_price": "price_1Pb8jb2MhBsxnjfBqcX1Y7iJ",
            "discount": "21.00",
            "offer_end": "2024-07-06T22:23:45Z",
            "is_new": true,
            "rating": 5,
            "sale_count": 197,
            "short_description": "NORTH EDGE ALPS Men's Digital Carbon fiber Watch Shock Militray Sports Super Light Outdoor Compass Waterproof 50M Wristwatches",
            "full_description": "Carbon fiber watch case\r\n\r\n* 6 times lighter than steel and\r\n* 3 times lighter than titanium \r\n* strong and sturdy \r\n* Metal free, hypoallergenic, antimagnetic \r\n* Strong chemical resistance \r\n* Ultra-low thermal expansion, waterproof, sweatproof\r\n\r\nFunction\r\n\r\n0. Carbon fiber watch case\r\n1. 12/24 hours, Months, Week, Day\r\n2. Pedometer, Steps, Calories, Distance, Execrise time, Average Speed\r\n3.Stopwatch mode\r\n4.Countdown mode\r\n5. Alarm Mode,  Hourly Alarm, Snooze reminder\r\n6. Perpetual calendar function \r\n7. Compass\r\n8. EL light function\r\n9. Low battery reminder\r\n10. Waterproof 50M\r\n11. Metronome",
            "slug": "north-edge-alps-mens-digital",
            "is_active": true,
            "category": [
                1
            ],
            "tag": [
                1,
                2
            ]
        }
    },
    {
        "model": "products.product",
        "pk": 16,
        "fields": {
            "sku": "8223377054663",
            "name": "Rustic Table",
            "price": "131.00",
            "stripe_price": "price_1PZiK22MhBsxnjfBm24OKq6i",
            "discount": "11.00",
            "offer_end": "2024-07-06T22:23:46Z",
            "is_new": true,
            "rating": 3,
            "sale_count": 217,
            "short_description": "News above help evidence voice. Themselves coach pick. Ago program pick collection difficult. Know director detail toward short. Local blood really PM close color prepare. Effort religious identify particular fast off wonder. Morning couple most positive high research onto continue. She star state debate our daughter most.",
            "full_description": "Else result trouble important. Customer our recognize form. Adult five law phone. Both religious feel involve evidence painting. Industry miss red budget think cover positive. Wrong but your. Issue friend economic but. Court stock study morning modern worry. Political ten already involve friend state bar grow. Easy chair instead official information a letter maybe. Green technology word very financial office same. Month rock charge. Safe carry hour goal thank organization. Environmental fine before organization present different wife. Story any scientist human science place girl. Relationship week step benefit strategy. Official whom material. Modern kind college risk direction. Front theory class assume during. Well involve share follow. His PM campaign hard sort white smile security. So point impact writer your lay family. Town condition hospital rule school political fast. Nearly pay attack project too itself fill. Hotel TV goal development budget. Service million recent thousand card. Hour can free society. Maintain customer hear attorney personal. Contain industry next just. Government various writer surface capital attorney national. Discover budget nothing realize hospital. Respond imagine only keep range read seat. Save consumer part room also letter cut fine. Newspaper only skill possible sort on. Social serious page bank.",
            "slug": "rustic-table",
            "is_active": true,
            "category": [
                8
            ],
            "tag": [
                9
            ]
        }
    },
    {
        "model": "products.product",
        "pk": 17,
        "fields": {
            "sku": "1013418530464",
            "name": "TR90 Reading Glasses",
            "price": "120.00",
            "stripe_price": "price_1Pb90W2MhBsxnjfBm9AwW5uW",
            "discount": "36.00",
            "offer_end": "2024-07-06T22:23:47Z",
            "is_new": true,
            "rating": 5,
            "sale_count": 111,
            "short_description": "Place Of Origin:China (Mainland)\r\nModel Number:JY8351\r\nCoating:HC\r\nFrame Material:Plastic Titanium\r\nLenses Material:Polycarbonate\r\nLenses Color:Clear\r\nGender:Uni\r\nLenses Optical Attribute:Anti-reflective\r\nOrigin:Mainland China\r\nCertification:NONE\r\nItem Type:Eyewear\r\nEyewear Type:Reading Glasses",
            "full_description": "Place Of Origin:China (Mainland)\r\nModel Number:JY8351\r\nCoating:HC\r\nFrame Material:Plastic Titanium\r\nLenses Material:Polycarbonate\r\nLenses Color:Clear\r\nGender:Uni\r\nLenses Optical Attribute:Anti-reflective\r\nOrigin:Mainland China\r\nCertification:NONE\r\nItem Type:Eyewear\r\nEyewear Type:Reading Glasses",
            "slug": "tr90-reading-glasses",
            "is_active": true,
            "category": [
                1
            ],
            "tag": [
                1
            ]
        }
    },
    {
        "model": "products.product",
        "pk": 18,
        "fields": {
            "sku": "8968996047596",
            "name": "Anti Blue Rays Glasses",
            "price": "61.00",
            "stripe_price": "price_1Pb9BH2MhBsxnjfBTGtTdHmQ",
            "discount": "36.00",
            "offer_end": "2024-07-06T22:23:48Z",
            "is_new": true,
            "rating": 3,
            "sale_count": 433,
            "short_description": " Blue ray blocking -- Glasses lens are designed using the American HEV-Adsorb substrate absorption technology. It can absorb high-energy blue light.\r\n\r\n\r\n Clear lens -- The lens was made of a fully transparent base, without adding any pigment, while maintaining high light transmittance. Less reflective, no affect reading, and almost no color difference.",
            "full_description": " Blue ray blocking -- Glasses lens are designed using the American HEV-Adsorb substrate absorption technology. It can absorb high-energy blue light.\r\n\r\n\r\n Clear lens -- The lens was made of a fully transparent base, without adding any pigment, while maintaining high light transmittance. Less reflective, no affect reading, and almost no color difference.\r\n\r\n\r\n UV protection -- Anti-Blu-ray Lenses utilize special U.S. substrate processing technology to protect the eyes from ultraviolet radiation and block UV400.\r\n\r\n\r\nWhat you get from From purchasing this eyeglass?\r\ntigue\r\n\r\nLong time exposure to blue light would lead to digital eye fatigue. Wearing your cyxus glasses, no more tired eyes. Reduce eye strain and sensitivity to light when facing digital screens. Great for office workers or anyone who has to look at screen all day.\r\n\r\nMinimize headache",
            "slug": "anti-blue-rays-glasses",
            "is_active": true,
            "category": [
                1
            ],
            "tag": [
                1
            ]
        }
    },
    {
        "model": "products.product",
        "pk": 19,
        "fields": {
            "sku": "0708940531201",
            "name": "Adjustable Knee Support Knee",
            "price": "155.00",
            "stripe_price": "price_1Pb9Ec2MhBsxnjfBVBPFM5Q0",
            "discount": "31.00",
            "offer_end": "2024-07-06T22:23:50Z",
            "is_new": true,
            "rating": 5,
            "sale_count": 338,
            "short_description": "Made of breathable material, and its tightness is adjustable, providing you comfortable wearing experience. High effectively protect the joint and ligament of your knees when do sports. What are you waiting for? Just come and buy.Features:\r\n\r\nDouble c-ompression band design and made of high elastic, breathable material offer you comfortable wearing experience.\r\n\r\nProvides a comfortable, snug, ergonomic design fit without cutting off your circulation or restricting your motion.\r\n\r\nHelps with strains, sprains, and instability in the knee and protect the joint and ligament of knees.",
            "full_description": "Made of breathable material, and its tightness is adjustable, providing you comfortable wearing experience. High effectively protect the joint and ligament of your knees when do sports. What are you waiting for? Just come and buy.Features:\r\n\r\nDouble c-ompression band design and made of high elastic, breathable material offer you comfortable wearing experience.\r\n\r\nProvides a comfortable, snug, ergonomic design fit without cutting off your circulation or restricting your motion.\r\n\r\nHelps with strains, sprains, and instability in the knee and protect the joint and ligament of knees.\r\n\r\nCompact design and it is universal use for both left or right knee, lightweight, easy carrying and space-saving.Specifications:\r\n\r\nColor:  Black\r\n\r\nSize: S/ M/ L/ XL/ XXL/ XXXL(Optional)",
            "slug": "adjustable-knee-support-knee",
            "is_active": true,
            "category": [
                1
            ],
            "tag": [
                1
            ]
        }
    },
    {
        "model": "products.product",
        "pk": 20,
        "fields": {
            "sku": "5057439158326",
            "name": "Moisturizing Lotion",
            "price": "62.00",
            "stripe_price": "0261296338981",
            "discount": "26.00",
            "offer_end": "2024-07-06T22:23:51Z",
            "is_new": true,
            "rating": 2,
            "sale_count": 501,
            "short_description": "Vitamin C Brightening Facial Toner. (Hydrating Facial Toner & PH Balancing Pore Minimizer )with Anti Aging Aloe, Citric Acid & Tea Tree - Skin & Face Toner for All Skin Types & Even, Clear Skin.\r\nDeeply cleanses skin. Improves appearance of fine lines, wrinkles, hyper pigmentation. Smooths skin tone for a radiant looking complexion.",
            "full_description": "Vitamin C Brightening Facial Toner. (Hydrating Facial Toner & PH Balancing Pore Minimizer )with Anti Aging Aloe, Citric Acid & Tea Tree - Skin & Face Toner for All Skin Types & Even, Clear Skin.\r\nDeeply cleanses skin. Improves appearance of fine lines, wrinkles, hyper pigmentation. Smooths skin tone for a radiant looking complexion.\r\nSOOTHING  - Reduces the appearance of fine lines, wrinkles, and improve skin elasticity.\r\nTONE AND REFRESH skin - Toning aids skin health and promotes the absorption of serums and creams\r\nVITAMIN C BENEFITS - Rich in antioxidants, Vit C helps to improve skin firmness, recover after sun exposure and with appearance of dark spots\r\nDirectionsAM/PM - Apply toner to a clean face after cleansing. Saturate a cotton pad and stroke over face and neck.\r\nKindly use the whole of the vitamin c face care series for a better result.\r\n\r\nVitamin C Brightening Facial Toner. (Hydrating Face Toner & PH Balancing Pore Minimizer)\r\n\r\n\r\nVitamin C Brightening Facial Toner. (Hydrating Facial Toner & PH Balancing Pore Minimizer )with Anti Aging Aloe, Citric Acid & Tea Tree - Skin & Face Toner for All Skin Types & Even, Clear Skin.\r\nDeeply cleanses skin. Improves appearance of fine lines, wrinkles, hyper pigmentation. Smooths skin tone for a radiant looking complexion.",
            "slug": "moisturizing-lotion",
            "is_active": true,
            "category": [
                8
            ],
            "tag": [
                1,
                9
            ]
        }
    },
    {
        "model": "products.product",
        "pk": 21,
        "fields": {
            "sku": "6102169113028",
            "name": "Unbranded Soap",
            "price": "138.00",
            "stripe_price": "price_1PZiRl2MhBsxnjfB9EPSpyiI",
            "discount": "32.00",
            "offer_end": "2024-07-06T22:23:52Z",
            "is_new": true,
            "rating": 5,
            "sale_count": 111,
            "short_description": "Deep hard treat rest. Day represent purpose under which growth beautiful. Behind and drug start either fight. Front ability both. Recent wrong store admit beautiful threat. Relate house television lay prepare thousand must technology. Try which woman this better simple explain person. Itself establish many during member generation town.",
            "full_description": "Trial art reduce. Suffer morning same they. Edge effort mission garden current collection sense social. Behavior wide film. Quality list final reduce south represent someone. Produce show player baby morning allow think. Happen room behavior check eight space. Raise fear security take act over while. Want issue claim could station suddenly rise. Who those able find possible cup. Including despite successful eat action resource. Occur page town second baby speak center. Especially audience suggest read audience. Financial picture major success hold ground such. About try go. Want heart new foot suggest. Air edge but speech. Detail whatever eight. Budget more each unit this. Can yet myself standard. Difference measure bill anyone tax. Stuff office admit mouth. Second room discussion window yet should get. Teacher cause line three relate third significant. Exactly else garden and new. Win far woman open quickly or check prevent. Teacher peace stuff unit spend. Teacher need heavy eight actually. Open look house. Health throughout detail part little marriage fear. Who suffer federal science for adult machine add. Remember pressure use. Lead from play and future wife. Around game design fall consumer civil. Foot between relate treat certainly final black investment. Carry end together hold discussion catch miss. Will main continue goal. Remember return me rise avoid hour. Political building then far gun. Discuss here direction walk stage. Reduce special poor may staff approach require. Watch career begin very industry some. Generation art threat. Maintain consumer support score you power. Story east pretty various. Become at that. North green economy. Order or yourself million toward. Professor property cup. Determine student left market couple probably. Care worry laugh require age prevent. Join service authority also. Dog until could represent. Level situation yet remain. Perform difficult list difficult friend benefit. Including piece federal attention sound. Performance later goal so physical research station. My industry style similar experience seem finish. Impact can price budget economy ready amount week. Claim summer daughter able report foot learn. Wall federal production bit from. Someone grow deep federal fill project community. Offer Democrat recent plan environment example born. Put shake drug serious. Fill traditional between Democrat. Product leg like career itself anyone. Key hold relate realize north. Seven someone near seat start parent. Gas half music daughter. Including person outside. Almost chair tell most event national say. Image mother law his everyone evidence. Recently build will letter activity. Fine five exist organization foot million. North it south indicate like end. Card local focus indeed. Good enter whether. Enjoy evening out prove quite others wife. Seem between project edge side economic. Which surface they consumer. Pull anyone rate free. Bad woman against check. Song anyone point prove clearly full evidence item. Kind actually here skill edge number before. Huge table activity investment television effort direction people. Scientist southern cultural expert pressure clear play plant. View drive sense fire sometimes relate. Level whether part tonight prove listen. Even purpose lead court partner son. Everything available truth hand experience would. Concern response now vote. Article than idea particular. Friend card live pass green. Everybody leave close these. Money production recently memory attorney finish fund audience. Interview rich green. Drug company space magazine democratic. Back task factor spend because issue include enjoy. Laugh discuss doctor single economy edge. Yard us standard expert number clear factor. Which design live occur never us. Skill prepare line simple mention. Join market question drive determine. Owner but item. Follow author option page southern. Point moment everyone do little see above. Although across notice movie. Either challenge month test not out special. Hit whom rock century. I learn ask action feeling bed. Almost crime international water. Reflect push respond firm their car why quite. Better manager gas note make throughout quality. East ball move. Office care fund them group pull else. Call then make campaign consumer also join. Dinner the support. Him indicate hear rock. Include on ever send remember. May mouth responsibility these continue. Avoid event decision serve eat yeah on. Region model peace start. Even energy speech newspaper early radio sense five. Evening marriage meet worry. Into hot here Mr south happy international. Consider which including suggest upon safe fill. Many scene pick whole around walk second. Everyone eight pressure fish dog suggest lawyer. Data few fear reduce day about.",
            "slug": "unbranded-soap",
            "is_active": true,
            "category": [
                13
            ],
            "tag": [
                14
            ]
        }
    },
    {
        "model": "products.product",
        "pk": 22,
        "fields": {
            "sku": "1282610470117",
            "name": "Adidas shoe",
            "price": "43.00",
            "stripe_price": "price_1PZirG2MhBsxnjfBugbKwcMr",
            "discount": "0.00",
            "offer_end": "2024-07-06T22:23:53Z",
            "is_new": true,
            "rating": 3,
            "sale_count": 246,
            "short_description": "Introducing the ADIDAS Streetcheck Cloudfoam Court Low Shoes for Men, the perfect blend of style, comfort, and performance for your everyday adventures. Crafted with precision and innovation by ADIDAS, these shoes are designed to elevate your streetwear game while providing unparalleled comfort and support.",
            "full_description": "Introducing the ADIDAS Streetcheck Cloudfoam Court Low Shoes for Men, the perfect blend of style, comfort, and performance for your everyday adventures. Crafted with precision and innovation by ADIDAS, these shoes are designed to elevate your streetwear game while providing unparalleled comfort and support.\r\n\r\nFeaturing a sleek and modern design, these low-cut shoes boast a timeless aesthetic that effortlessly complements any casual outfit. Whether you're hitting the streets with friends, running errands, or just lounging around, these shoes will keep you looking fresh and feeling confident.\r\n\r\nThe highlight of these shoes lies within their advanced Cloudfoam technology. The Cloudfoam midsole delivers superior cushioning with every step, ensuring optimal comfort throughout the day. Say goodbye to fatigue and discomfort  these shoes provide the ultimate walking experience, making them ideal for all-day wear.\r\n\r\nConstructed with high-quality materials and meticulous attention to detail, these shoes offer durability and longevity, ensuring they withstand the demands of your active lifestyle. The breathable mesh upper keeps your feet cool and comfortable, while the synthetic overlays provide added support and stability where you need it most.\r\n\r\nEquipped with a durable rubber outsole, these shoes offer excellent traction and grip on various surfaces, allowing you to navigate urban environments with confidence. Whether you're strolling through the city streets or exploring new neighborhoods, these shoes will keep you sure-footed every step of the way.\r\n\r\nAvailable in a range of versatile colorways, the ADIDAS Streetcheck Cloudfoam Court Low Shoes for Men allow you to express your personal style while enjoying unmatched comfort and performance. Elevate your footwear collection with these stylish and functional shoes from ADIDAS, and step out in confidence wherever your adventures take you.\r\n\r\nSay goodbye to fatigue and discomfort  these shoes provide the ultimate walking experience, making them ideal for all-day wear.",
            "slug": "ergonomic-chips",
            "is_active": true,
            "category": [
                1
            ],
            "tag": [
                19
            ]
        }
    },
    {
        "model": "products.product",
        "pk": 23,
        "fields": {
            "sku": "3355776075040",
            "name": "Awesome Ball",
            "price": "96.00",
            "stripe_price": "price_1PZiNp2MhBsxnjfBrZhoezE9",
            "discount": "35.00",
            "offer_end": "2024-07-06T22:23:55Z",
            "is_new": true,
            "rating": 2,
            "sale_count": 23,
            "short_description": "Customer wall difference sign prepare finish. Capital develop actually political national. Must share charge weight easy material close. Compare discover story two large. Day ok during grow relationship collection. Fast avoid Republican option popular politics.",
            "full_description": "Case card plan responsibility environment wall very. Player everybody state everybody support consumer. Factor cold respond garden above from determine condition. Citizen although both option. Stop vote rich main message. Show allow early risk full visit. Adult teach defense process hear. Court political value grow action. Cultural so step hotel. Unit seek drop. Catch result especially blue participant increase. Become writer real couple you job. Government always forward difference. Record along instead reveal. Generation boy certain community. Brother type gun. Summer important own me. College glass cup best bad unit. Entire order series attention music bit candidate. Under improve per call trouble decade. Reality type institution technology catch popular find gun. Arm know somebody final letter officer bill ahead. Organization consumer around gas. Air strong opportunity approach focus blood. By imagine activity stuff action court health sure. Fund represent force among town day because. Event a situation education smile. Name not sometimes fall west. Rule show wrong one value picture none. Agency inside black structure. Size industry themselves its hold short. Item responsibility establish again reason public stand play. Price recently far. Beat painting during. Can accept development message your more skin. Idea power determine send court opportunity. Start chair popular movement out contain action. Nearly by long large street agency include. Agent result treatment else doctor really. Go decide foot table skill. Myself which win authority center. Teacher sport your. Explain way send including nation next church. Factor true paper miss step. Compare necessary once nice easy trouble. Toward create model answer magazine heavy resource. Exactly my discuss year third individual little drug. Participant eat modern probably do treat. Building game various question majority our body. Hundred thus however sometimes partner father. Mother body kitchen else. Cultural should move discover watch fast above. President account senior student situation. Perform TV style large player. Along lawyer significant factor. Big table challenge article thousand marriage. Well them rate I scene guess key oil. Course same once today actually. Large purpose main time mouth mouth. Score too more. Our week treat serious turn professional. Difficult pass eight last wind plan. Ahead official under none control better career. Trip music interest sit. Yeah part business indeed. I bring show system. Tree lead live week. Point assume generation. Life child future.",
            "slug": "awesome-ball",
            "is_active": true,
            "category": [
                5
            ],
            "tag": [
                6
            ]
        }
    },
    {
        "model": "products.wishlist",
        "pk": 1,
        "fields": {
            "user": 1,
            "product": []
        }
    },
    {
        "model": "products.wishlist",
        "pk": 3,
        "fields": {
            "user": 9,
            "product": []
        }
    }
]